0 7 | A
0.5 | Z 4232
0.5MG RDY 525
0.5mg LOGO 607
0.5mg LOGO 647
0.75 LOGO | 540
001 001
0013 | 10
0014 | 20
0016 | 40
0027 V
004 | A CF
009
01 45 | P 400
01 70 | C
0115 2790
0115 7017
0115 7023
0115 7024
0115 7035
0115 7036
0115 7040
0115 7042
0115 7043
0115 7054
0115 7055
0115 7057
0138 | 750
0158 | LOGO
018
018 | LOGO
0198
020 | CL
021
0244
0245
0247 VALEANT
026 | LOGO
028 | LOGO
03
03 | LOGO
032 | PAL
035
0398
04 20 | US
04 31 | WALLACE
0488 DYNACIN 100mg
0497 DYNACIN 50 mg
0498 DYNACIN 100 mg
050 HISTEX I/E
052 | LOGO
0524 0410
053 | LOGO
0554 M
06
06/012D
063 | LOGO
0698
07 54 | PAL
07 75 | PAL
0700 US
071 300 | b
071 | USL
0748 | LOGO
0752 DR
0768 | LOGO
083 | APO
083 | KALI
084 | APO
096 | APO
097 | APO
1
1 0
1 4 | VP
1 5 | BL
1 7 | BL
1 83
1 84
1 85
1 91
1 KLONOPIN | ROCHE
1 MG | 511
1 mg LOGO 677
1 mg | CARDURA
1 | 274
1 | WARFARIN TARO
1/2 KLONOPIN | ROCHE
10
10 10 10 | M B4
10 A105
10 MIA
10 XL
10 mg LOGO 3513
10 mg SONATA
10 mg WPC 001
10 | 5664
10 | AD
10 | DAN 5620
10 | DAN 5730
10 | E
10 | GG 455
10 | MYLAN 182
10 | OC
10 | WARFARIN TARO
10 | Z 4218
10/325 | E712
100
100 100 100 | barr 733
100 101 | Jacobus
100 ER
100 mg IG 228
100 mg IG321
100 mg | T
100 | 54 862
100 | Barr 066
100 | CLOZARIL
100 | FLINT
100 | PF
100 | T 4
100 | logo
1000 | KOS
1002 | KOS
1004 | KOS
100mg | G 4910
100mg | T
101 | APO
1010 | 2 0
1011 | 4 0
1014 | 250 MG
1015 | 500 MG
1019 75
102 | 5
102 | KU
1020 150
1021 | 10
1026 | 93
103
103 103 | C
103 | 10
1031 | 25
1032 | 50
1033 | 100
1034 | 200
104
104 | 20
105
105 | 100
105 | GG
1052 | 93
106
1067
1068
1069
107
107 | b
1070
1079 | 4 MG
108
1080 | 5 MG
1081 | 10 MG
1082 | 250
1084 | 750
10mg 93 810
11 11 | BTG
11 14 | BEACH
11 36 | 10
11 37 | 20
110
110 | CIBA
1104 | 3 0
1105 | 60 60
1106 | 120
1109
111
111 | A
111 | TL
1110
1111
1115
1116
1117
1118
112
112 | 93
112 | FLINT
112 | T 4
112 | TL
112 | logo
113 | 25
114
114 | 50
115 | 100
1157 | 40
1158 | 80
1159
116
1160
1161
1170 | 15
1170 | 5 0
1171 | 20
1171 | 75
1174 | 9 3
12 21
12 25
12.5 | AD
12/100
120 120
120 Inderal XL
120 InnoPran XL Reliant
120 RD201 LOGO Reliant
120 mg Andrx 597
120 mg | BERLEX
120 | LOGO
1200
1200 | 25
1201 | 400
120mg | BETAPACE
122
123
123 | GG
124
125 | FLINT
125 | T 4
125 | logo
1259 | LOGO
125SLXP
126
1272
1280 | 15/500
1281 | 15/850
129 | LOGO
13 30
13 81 | DAYPRO
130
130 ANTARA LUPIN
130 ANTARA OSCIENT
1300
1311
134
135 | 5
136 | GEIGY
137 | T 4
137 | logo
138 138
13800UL AXCA
140 KLX
141
141 KLX
142
1423 | M
1427 | 5
1428 | 10
143
143 | ROERIG
144 | logo
145
1451 | M
1451 | SEARLE
146 146
147 147
147 | 93
148 | 93
149 | 93
1490
1492
1493
15
15 XL
15 mg 15mg 3514 LOGO
15 mg Novel 121
15 | 54 782
15 | 93
15 | AD
15 | M
15/500 | 4833M
15/850 | 4833M
150
150 AXID Reliant
150 | FLINT
150 | T 4
150 | logo
1507
154 | 93
156 | 20
157 | TEAMM
160 160
162 | A CS
166
167
168 | 7.5
169 | 10
17
17 72 | MARION
17 | BI
170
1704
171
173 | 93
1740 40 mg
175 175
175 | FLINT
175 | logo
176
1771 | MARION
1772 | M
18
180 180
180 mg Andrx 598
19 | BI
19 | WYETH
190 | 77
191 | 77
1911 | G
192 | R
193 | R
194 | R
1MG RDY 526
1mg LOGO 617
2 0
2 0 | PAXIL
2 02
2 04
2 1/2 | WARFARIN TARO
2 KLONOPIN | ROCHE
2 MG
2 mg | CARDURA
2 | K
2 | LOGO
2 | SB
2 | WARFARIN TARO
2.5 | E
2.5 | INV 311
2.5 | N 343
20
20 A106
20 | DAN 5555
20 | F L
20 | M
20 | MYLAN 183
20 | PAXIL
20 | SCHWARZ 620
200
200 CTI 111
200 ER
200 | FLINT
200 | T 4
200 | logo
200mg LOGO GILEAD
201 | UU
203
204
204 | UAD
205
2063 V | 2
2064 V | 3
2065 V | 4
20700UL AXCA
2083 V
2084 V
2087 V
2088 V
2089 V
209
20mg
21 | BL
210
2101 V
2102 V
2103 V
2104 V
2105 V
2106 | V
211
2122 ZLP
213
2130 ZLP
214
219
22 75 | 93
22.5 mg Novel 122
220
221
221 | LOGO
223
224
225
225 295 | A
2268 | 9 3
227
227 | WYETH
23 57 | V
230 | SYNTHO
23000UL AXCA
232 0.1 | barr
233 0.2 | barr
2355 | V
2368
2369
240 0.5 | WATSON
240 240
240 mg Andrx 599
241
241 1 | WATSON
2410 V
242
242 2 | WATSON
242 | MYLAN
242 | PAR
243
244 | MYLAN
2442 | G
2444 | G
25
25 102 | Jacobus
25 222
25 MG | G 4960
25 mg 93 811
25 | CLOZARIL
25 | FLINT
25 | I
25 | T 4
25 | TOP
25 | logo
250
250 LUPIN 250 LUPIN
250 mg | VIRACEPT
250 par
250 | 7720
250 | MYLAN 210
252
253
255
2577 | V
258
259 259
25mg 93 811
2622 | G
265
266
2662 | logo 10
267
268
269 | LOGO
271
271 9/90
273
273 | .5
2732 | 40
274 | ETH
277
2772 | LOGO
2773 | LOGO
2775 | LOGO
2775 | WPI
2776 | LOGO
2788 | LOGO
283
2858
292
293
293 293
294 294
2985 2985
3 | LOGO 20
30
30 mg Novel 123
30 mg | RSN
30 | 54 409
30 | E 653
30 | GG
30 | PAXIL
30/1050
30/4 | 4833G
300
300 300
300 AXID Reliant
300 ER
300 mg Andrx 600
300 mg IG322
300 | FLINT
300 | GX CW3
300 | T 4
300 | WARRICK 1653
300 | logo
300mg PD 525
301 | ETHEX
301 | HOPE
302 | MYLAN
306 | PFIZER
307 | PA
3070 | G
308 AV
308 | PA
308 | PFIZER
3080 | G
308AV
309 | PA
31 | BMS 50
31 | LOGO
311
312
3125 VANCOCIN HCL 125MG
3125 VANCOCIN HCL 125mg
3126 VANCOCIN HCL 250mg
313
3131
3137 WPI
3138 WPI
315
3170 V
3171 V
319
32 | GEIGY
3202 | WATSON
321 | M
322 | A CJ
3230 WPI
325
330 | MYLAN
331
332 | ETH
333
333 | ETH
341
341 | ETH
3416 | WPI
342
342 | ETH
342 | RDY
343
343 | ETH
3438 | logo
344
344 | ETH
345 | b
347 | 250
348 | 500
348 | LOGO
35 35 | GEIGY
35 91 | V
35 92
35 94 V
35 96 | V
35 97 | V
350
3571 LOGO
3571 V
3572
3572 V
358
35A
36 01 | V
36 | SL
360 360
3600 | V
3611 V | 2
3612 V | 4
3613 IL
364 364 | GLYBUR
3678
368
3685 | 1
3686 | 2
3687 | 4
3688 | 8
369
3690 | 5
3691 | 10
37 37 | U U
37 4401
37 4401 | WALLACE
37 AV | 0.2
37 WALLACE 1001
37 WALLACE 2001 | SOMA
37- 2403 | SOMA CC
370
370 | MYLAN
371
375 | WATSON
375/20
3758 | LOGO
3759 | LOGO
3760 | LOGO
3761 | LOGO
3762 | LOGO
381 381
381 b
382 382
383 383
383 | ETH
39 | BMS 150
391
395  50 0.5 | WATSON
395 50 0.5 | WATSON
3966
397
398
399
3M | 221
3M | SR 500
3M | TR 100
3M | TR 150
3M | TR 50
3RP | 1
3mg
4
4 9 | R B
4 MG
4 mg | CARDURA
4 | G 3327
4 | LOGO
4 | V
4 | WARFARIN TARO
4/500 | gsk
40
40 A107
40 MG | F P
40 | DAN 5556
40 | MYLAN 184
40 | OC
400
400 mg IG323
400 mg | T
400 | N943
400mg | T
402 402
402 | logo
4036 | 1 LOGO
4036 | LOGO 1
4037 | LOGO 2
405 | WATSON
4059
406 | WATSON
40mg
41
41 | GG
41 | dp
414
4171 V
4175 | 400
4191 LP
4194 | 500
42 16 V | 4
42 | GG
42 | dp
420
420 420
4211 V
4212 | V
4214 | 2.5
4215 | 5
4221 | 5/500
4222 | 2.5/1000
4223 | 5/1000
4226 | Z
423 | E
43 ANTARA LUPIN
43 ANTARA OSCIENT
43 RH405 LOGO Reliant
43 | dp
432 432
432 | ETH
433 | ETH
433 | M
4330 | 850
4331 | 500
4332 | 100
4333 | 150
4343 | 50
435
435 | M
4360 | 100
4364 | 100
4365 | 200
4366 | 300
437
4389
4391
4392
44 104
44 112
44 148
44 159
44 175
44 183
44 189
44 194
44 198
44 218
44 226
44 227
44 291
44 292
44 298
44 319
44 326
44 347
44 348
44 352
44 375
44 392
44 397
44 403
44 438
44 447
44 449
44 450
44 452
44 453
44 531
44 533
44 542
44 585
44 596
44 615
44 628
44 | dp
44-107 44-107
44-292
44-329
44-338
44-344
44-367
44-393
44-527
441
442 | MYLAN
4430 | LOGO 100
4432 | 1000
4435 | 500
4440 | 100
4441 | 300
4442 | 400
446
446 | barr
4467
457
458 | CLARITIN 10
46 | CIBA
46 | dp
461
461 80 mg
462 125 mg
466 | WATSON
47 | GG
471
472
473
4759 | 10 MG
477
48 | 93
4833 G | 30/2
4833M | 15/500
4833M | 15/850
4833X 30/1000
4839 V
485
4853 V
488 DPI
4890 | SB
4891 | SB
4892 | SB
4893 | SB
4894 | SB
4895 | SB
4896 | SB
49 | 93
4940 V
4941 V
4942 V
496 | SCHERING
4971 V
4972 V
499
4H2
4I
5
5 0 | A
5 0 | R B
5 220
5 5 5 | LOGO 56 65
5 5 5 | M B3
5 5 5 | MJ 822
5 5 5 | logo 56 65
5 AYGESTIN
5 AYGESTIN | b 424
5 XL
5 mg 5mg 3512 LOGO
5 mg SONATA
5 | 273
5 | E
5 | F L
5 | M
5 | PD 527
50
50 223
50 30 | V
50 50 50 | LOGO 732
50 50 50 | SL 441
50 50 50 | barr 732
50 902 | b
50 93 | V
50 94 | V
50 mg | LOGO
50 mg | Z
50 | GG 33
50 | T 4
50 | Z 4361
50 | logo
500
500 5 | SP 2104
500 GRISACTIN
500 LUPIN 500 LUPIN
500 | 7721
500 | BMS 6060
500 | FAMVIR
500 | FLAGYL
500 | LEVAQUIN
500 | MYLAN 156
500/125 | AMC
500/20
501
5011 V
5011 | G
5012 V
5012 | G
5013 V
5013 | G
5014 V
5014 | G
502
502 | KOS
503
503 4mg | 4 MG
503 | 1MG
503 | 2 MG
503 | 3 MG
5044 | SOLVAY
5046 | SOLVAY
505 | M
5052 | DAN DAN
50mg 93 812
51 51 | GEIGY
51 | RP
511
511 Selegiline HCl 5 mg
5111 V
5113 V
5114 V
512
5124 V
5125 V
513
514 | JSP
5147 | SOLVAY
51479 019 51479 019
515
5150 | SOLVAY
516 | JSP
516 | LOGO
5161
5162 | A P
517 | LOGO
518
518 | LOGO
519 | JSP
519 | LOGO
52 | RP
520 | JSP
5216 | DAN DAN
522
523
523 | JSP
5271 93
53 53 | GEIGY
530 | MD
532 | M D
5321 | DAN DAN
5325 | DAN DAN
535 11 535 11
535 11 | 535 11
537
54 01 | V
54 013
54 024
54 029
54 043
54 070
54 072 54 072
54 092
54 107
54 111
54 125
54 142
54 145 54 145
54 150
54 157
54 163
54 171
54 193
54 196 | 4
54 199
54 210
54 213 54 213
54 215 54 215
54 225
54 231
54 233
54 251
54 262
54 271
54 277
54 293
54 299
54 302
54 303
54 306
54 311
54 312
54 315
54 323
54 331
54 337
54 339
54 343
54 346
54 351
54 372
54 392 54 392
54 396
54 403
54 409 | 30
54 411
54 412
54 420
54 425
54 452
54 463 54 463
54 489
54 511
54 515
54 519
54 521
54 523 54 523
54 532
54 543
54 552
54 553
54 571
54 582
54 583
54 592
54 602 54 602
54 609 | 4
54 612
54 613
54 620
54 623 54 623
54 639
54 650
54 656 54 656
54 662
54 694
54 702 54 702
54 710
54 730
54 733
54 737
54 743 | 2
54 751
54 757
54 760
54 763
54 769
54 771
54 773 | 5
54 775
54 783
54 795 54 795
54 814
54 823
54 839
54 840
54 862 | 100
54 883
54 888 54 888
54 892
54 899
54 933 | 60
54 942
54 943
54 956
54 960
54 980
54 | par
5412 | 150
5438 | DAN DAN
5442 | DAN DAN
5443 | DAN DAN
5454 | DAN DAN
55 | PAR
55 | par
551 | LOGO
5523 | DAN
5546 | DAN DAN
5547 | DAN DAN
555
555 444 | barr
555 489 | barr
555 606 | b
555 607 | barr
555 643 | barr
555 728 | barr
555 729 | barr
555 779 | b
555 872 | b
5552 | DAN DAN
5553 | DAN
556 | PAR
5571 | DAN DAN
56 | PAR
56 | par
560 | PAR
5600 | DAN DAN
563 | JSP
5660 | DAN DAN
5661 | DAN
57
57 71 | M
57 | LOGO
571 | LOGO
5715 | DAN 100
572 Tri
5728 | 20
5728 | LOGO 20
574 | MYLAN
575
577
5778 | DAN 100
58  12 V
5811 V
5871 | 59911
5873 | 59911
59010 240
5904 V
5905 | V
591-A
591-B
597 | LOGO
5971 V
5972 V
59743 004
59911 120 mg
59911 160mg
59911 3606 200
59911 3607 300
59911 3787
59911 5842
59911 5869
59911 5870
59911 5872
59911 5876
59911 5877
59911 5878
59911 5888
59911 5889
59911 5895
59911 60mg
59911 | 3608
5MG RDY 527
5mg LOGO 657
5mg LOGO 687
6 6 | U U
6 MG
6 | N
6 | WARFARIN TARO
60
60 RD203
60 | 54 933
60 | AMGEN
60 | Adalat CC
60 | B
60 | M
600 | A
600 | LOGO 4443
600 | LOGO ZL
600 | Z 4141
60274 120mg
60274 180mg
60274 240mg
60274 360mg
603
6055 V
6056 V
6057 V
6058 V
6059
6059 V
606 PRILOSEC 10
6060 V
6061 V
6062 V
6065 | 500
607 607
6074 | BMS
6077 | BMS
6078 | BMS
61
61 | SEARLE
61 | b
613 | LOGO
62
625 | V
63
63 50 | UAD
634
635 | LOGO
635 | PAR
6377 V
638
64 WYETH | A
643 | 2 1/2
644
644 | 5
645 | 10
65 WYETH | A2
650 600
651
654 | SINEMET
655 655
657 | WATSON
658 | WATSON
659 | McNEIL
66 | 2.5
663
67 Y
67 | 5
673 673
673 | P P
679 679
68-7
681
682
69 | M
698 200 | WATSON
6I
6R
7 1/2 | WARFARIN TARO
7.5
7.5 mg 7.5 mg FOR SLEEP M
7.5 mg Novel 120
7.5 | AD
7.5 | SAL
7.5/325 | E700
70 60 | 5 11
701 | W 25
7010
703 | W 50
7033
7037
7038
705
707 2-25 | WATSON
71 71 | GEIGY
7112
7113
7113 | M
7115
7115 | M
712 | M
712 | S P
7128 | 9 3
7129 | 9 3
7146 | 93
715
715 260 | WATSON
7152 | 93
7155 | 93
7157 | 93
7158 | 93
7169 | 93
7182 | 93
72
72 14 | 9 3
7206 | 9 3
7223 | 93
7224 | 93
723 | M
724 par
725 | S P
7251 | 93
726
7260 | 93
7261 | 93
7262 | 93
727 100 | WATSON
727 | MYLAN
73 00 | LOGO
73 73 | GEIGY
73 | MYLAN
7301 | LOGO
7355 | 93
736
737
74 ZE
742 PRILOSEC 20
744 | LOGO
745
745 2 | WATSON
7455 | 93
747
75 LOGO
75 | FLINT
75 | T 4
75 | logo
750 | CIPRO
750 | KOS
755 | LOGO
755/93
757 4
758
759
75mg 93 813
760
7663
77 | LOGO
77 | e
771 | W W
7720 | 250
774 | S
7767 100
7767 200
7767 400
7767 50
778 | 93 93
78
78-2 | S
78-31
78-54 | SANDOZ
78-8 | S
780 | S
787 | PLIVA
796
797
798
7R
8 mg | ETH269
8 | LOGO LOGO
8 | SB
80
80 Inderal XL
80 InnoPran XL Reliant
80 RD201 LOGO Reliant
80 | 0019
80 | 543
80 | M
80 | MYLAN 185
80 | PD 158
80 | Z 4237
800 | LOGO 4444
801
802
81
820 | SCHERING
83
831 1 | barr
832 10
832 100
832 200
832 25
832 50
832 BC20
832 BM05
832 BM1
832 BM2
832 | 38
832 | 86
832 | AMT
833 5 | barr
834 7 1/2 | barr
835 10 | barr
835 3.75 | WATSON
836 7.5 | WATSON
837 15 | WATSON
84 84 | BI BI
85
85 10 | M
85 15 | M
85 85 | BI BI
852 | 93 93
86 33 | UNIMED
86 62 | C
86 67 | S
86 74 | C
86 | 5
8648 | C
8650 | C
8672 | C
869 2 | barr
87 | M
872 par
874 4 | barr
8762
8778
88 | 10
88 | MYLAN
88 | T 4
88 | logo
886 1 | b
887 2 | b
89 62 | TISH
89 | 15
893 | 2 1/2
894 | 5
899 1/2 | b
8I
9  3 | 7159
9  3 | 7160
9  3 | 7161
9 3 | 0924
9 3 | 199
9 3 | 2238
9 3 | 39
9 3 | 4059
9 3 | 463
9 3 | 5213
9 3 | 5214
9 3 | 5215
9 3 | 53 61
9 3 | 5510
9 3 | 7114
9 3 | 7115
9 3 | 7127
9 3 | 7130
9 3 | 7159
9 3 | 7160
9 3 | 7161
9 3 | 72 14
9 3 | 72 22
9 3 | 72 54
9 3 | 72 55
9 3 | 72 56
9 3 | 7206
9 3 | 7207
9 3 | 7247
9 3 | 7248
9 3 | 7285
9 3 | 7286
9 3 | 7287
9 3 | 7316
9 3 | 7317
9 3 | 7325
9 3 | 7380
9 3 | 7381
9 3 | 7382
9 3 | 7383
9 3 | 7493
9 3 | 7701
9 4 | MYLAN
90 T
90 | 20
90 | B
900 | 25
901 | ucb
903 | ucb
904
904 | barr
906
907
90mg | CARDIZEM
91 99 | TSH
910 | ucb
9200
9201 | LOGO
923 400 | b
925 3 | barr
929 par
93 088
93 089
93 1003 | 5 5 5
93 1060
93 107
93 1077
93 1112
93 122
93 129
93 130
93 150 | 3
93 175
93 176
93 177
93 181
93 182
93 208 93 208
93 2264
93 26
93 27
93 28
93 280
93 29
93 290
93 292
93 2929
93 293
93 294
93 3002 93 3002
93 308
93 3107 93 3107
93 3109 93 3109
93 311 93 311
93 3123 93 3123
93 3125 93 3125
93 3129 93 3129
93 3145 93 3145
93 3147 93 3147
93 3160 93 3160
93 3165 93 3165
93 3167 93 3167
93 3171 93 3171
93 318
93 319
93 3193 93 3193
93 3195 93 3195
93 3196 93 3196
93 320
93 321
93 350 | 4
93 38 93 38
93 39 93 39
93 40 93 40
93 4067 93 4067
93 4069 93 4069
93 41
93 42 93 42
93 43 93 43
93 50 | 2
93 5160
93 5163
93 5200 | 10 10 10
93 5268 93 5268
93 5269 93 5269
93 5270
93 53
93 54
93 542
93 5512 93 5512
93 5513 93 5513
93 5514 93 5514
93 61
93 62
93 63
93 637
93 638
93 64
93 657
93 658
93 670
93 711
93 7120 93 7120
93 7198 93 7198
93 7300 93 7300
93 733
93 7338 93 7338
93 734
93 7350 93 7350
93 7351 93 7351
93 7370 93 7370
93 7371 93 7371
93 7372 93 7372
93 7373 93 7373
93 7384 93 7384
93 7385 93 7385
93 7386 93 7386
93 741 93 741
93 7437 93 7437
93 7439
93 7441
93 752
93 753
93 756 93 756
93 757 93 757
93 76
93 782
93 784
93 793 93 793
93 794 93 794
93 810 93 810
93 811 93 811
93 812 93 812
93 813 93 813
93 832
93 833
93 834
93 900
93 91
93 9131
93 9133
93 92
93 93 778
93 93 | 852
93 9380 93 9380
93 9424
93 948
93 956 93 956
93 958 93 958
93 960 93 960
93 97
93 9774
93 98
93 D
93 T13
93 | 0863
93 | 0864
93 | 0865
93 | 1024
93 | 1025
93 | 1035
93 | 1036
93 | 1037
93 | 1041
93 | 1044
93 | 1078
93 | 1087
93 | 111
93 | 1111
93 | 1113
93 | 1114
93 | 1115
93 | 1118
93 | 1122
93 | 1172
93 | 1177
93 | 132
93 | 135
93 | 147
93 | 15
93 | 154
93 | 155
93 | 16
93 | 174
93 | 1893
93 | 21 58
93 | 220
93 | 221
93 | 225
93 | 2263
93 | 2267
93 | 2272
93 | 2274
93 | 233
93 | 24
93 | 31
93 | 314
93 | 32
93 | 33
93 | 48
93 | 51
93 | 5124
93 | 5125
93 | 5126
93 | 5127
93 | 5140
93 | 5141
93 | 5142
93 | 5150
93 | 5157
93 | 5194
93 | 5195
93 | 5275
93 | 5276
93 | 5277
93 | 5283
93 | 5287
93 | 536
93 | 537
93 | 576
93 | 58
93 | 688
93 | 7113
93 | 7116
93 | 7121
93 | 7153
93 | 7154
93 | 7156
93 | 7167
93 | 7168
93 | 7169
93 | 7172
93 | 7173
93 | 7174
93 | 7175
93 | 7176
93 | 7177
93 | 7178
93 | 7181
93 | 7182
93 | 7188
93 | 7201
93 | 7202
93 | 7208
93 | 7212
93 | 7215
93 | 7216
93 | 7219
93 | 7220
93 | 7230
93 | 7231
93 | 7232
93 | 7234
93 | 7236
93 | 7240
93 | 7241
93 | 7242
93 | 7243
93 | 7244
93 | 7252
93 | 7253
93 | 7258
93 | 7267
93 | 7290
93 | 7294
93 | 7295
93 | 7296
93 | 7299
93 | 73
93 | 7326
93 | 7327
93 | 7330
93 | 7331
93 | 7340
93 | 7364
93 | 7365
93 | 7366
93 | 7367
93 | 7368
93 | 7369
93 | 74
93 | 7456
93 | 7457
93 | 7471
93 | 7472
93 | 7540
93 | 771
93 | 787
93 | 8019
93 | 8117
93 | 8118
93 | 8119
93 | 8162
93 | 8163
93 | 8166
93 | 83
93 | 851
93 | 8522
93 | 8523
93 | 890
93 | 892
93 | 896
93 | 897
93 | 926
93 | 928
93 | 9411
93 | 968
93 | 983
93 | E7
93 | E8
93 | E9
93-490
93-5
93-6
93/11
93/12
93/7440
930 par
931 par
932 par
936 | MRK
944 | DAN
948 | SCHERING
951 | MRK
952
952 par
953 10 | b
953 par
956
958 par
959 par
96
960
960 par
9643 | 93
9652 | 93
967 | b
968 50 | b
969 100 | b
97
970 | M
981
982
997 1/10 | b
A
A 003
A 004
A 019
A 024
A 025
A 026
A 047
A 056
A 074
A 1
A 101
A 102
A 11
A 117
A 127
A 128
A 133
A 138
A 140
A 143
A 151
A 153
A 155
A 156
A 159
A 179
A 180
A 2
A 2 | BPI 65
A 211
A 213
A 214
A 215
A 235
A 236
A 239
A 240
A 242
A 243
A 257
A 259
A 264
A 265
A 266
A 267
A 269
A 283
A 33
A 335
A 34
A 345
A 352
A 380
A 382
A 4 | LOGO
A 42 250 mg
A 43 500 mg
A 44
A 45
A 500
A 510
A 511
A 675
A 676
A 694
A 750
A 77 | W
A A A A 75 | SEARLE 1421
A B
A CD
A CF | 004
A CG | 008
A CH | 016
A CJ
A CL | 032
A CS
A ID
A IH
A IK
A MS
A MY
A P | 110
A P | 15 2
A P | 30 4
A P | 5162
A P | 5163
A TC
A TD
A TE
A TF
A TG
A TH
A TI
A TJ
A YC
A YD
A YE
A YF
A YH
A Z
A mo
A | 0 6
A | 0 8
A | 0 9
A | 01
A | 02
A | 03
A | 04
A | 05
A | 061
A | 1 4
A | 1 6
A | 1 7
A | 1 8
A | 10
A | 11
A | 111
A | 12
A | 13
A | 15
A | 2 5
A | 27
A | 387
A | 389
A | 48
A | 5 0
A | 50
A | 51
A | 52
A | 53
A | 54
A | 6 7
A | 75
A | Adx 1
A | U-S 200
A-006 2
A-007 5
A-008 10
A-009 15
A-010 20
A-011 30
A-018  A-018
A-018 A-018
A-039 A-039
A-060 A-060
A-120
A-163 A-163
A-166 A-166
A-167 A-167
A-185 A-185
A-25 mg A-25 mg
A-25mg A-25mg
A-293 A-293
A-294 A-294
A/C 40/12.5
A/C 40/25
A/P 25/15
A/P 25/30
A0 20
A02 | 400
A05 200
A08
A085
A1
A1 05
A1 | ASPIRIN
A100
A116
A117
A159
A160
A161
A175 100
A176 150
A2
A2 38
A221
A222
A223
A244
A257
A286
A2C
A3
A328
A33
A405
A406
A407
A5
A50
A500 | A500
A59
A671
A7
A733 10 mg
A733 20 mg
A733 5 mg
A92
A99
AA 820
AA 825
AA250
AAT 051
AAT 101
AAT 102
ABG | 10
ABG | 100
ABG | 15
ABG | 20
ABG | 200
ABG | 30
ABG | 40
ABG | 60
ABG | 80
ABRIKA 108 ABRIKA 108
ABRIKA 109 ABRIKA 109
ABRS-123
AC 1000/62.5
AC F | 004
AC200 G
AC400 G
ACCOLATE 10
ACCOLATE 20
ACCUTANE 10 ROCHE
ACCUTANE 20 ROCHE
ACCUTANE 40 ROCHE
ACG | 008
ACIPHEX 20
ACN 2 | SLV SLV
ACN 4 | SLV SLV
ACN 8 | SLV SLV
ACTIGALL 300 MG
ACTIGALL 300mg
ACTOS | 15
ACTOS | 30
ACTOS | 45
AD | 10
AD | 12.5
AD | 15
AD | 20
AD | 30
AD | 5
AD | 7.5
AD | LOGO
ADALAT 10
ADALAT CC | 30
ADALAT CC | 60
ADALAT CC | 90
ADDERALL XR 10mg
ADDERALL XR 15mg
ADDERALL XR 20mg
ADDERALL XR 25 mg
ADDERALL XR 30mg
ADDERALL XR 5mg
ADG | 375
ADIPEX-P 37.5
ADIPEX-P | 9 9
ADOXA 150 mg
ADVIL
AHI
AHI | 500
AHIST
AK
AK 120
AK 160
AL
ALDACTAZIDE 25 | SEARLE 1011
ALDACTAZIDE 50 | SEARLE 10 21
ALDACTONE 25 | SEARLE 1001
ALDACTONE 50 | SEARLE 1041
ALDOMET | MSD 135
ALDOMET | MSD 401
ALDOMET | MSD 516
ALDORIL | MSD 423
ALDORIL | MSD 456
ALDORIL | MSD 694
ALDORIL | MSD 935
ALEVE
ALEVE CS
ALINIA | 500
ALKERAN A2A
ALLERGY 12
ALLFEN C
ALLFEN DM
ALLFEN DM | MCR 521
ALTACE 1.25mg MP
ALTACE 10mg MP
ALTACE 2.5mg MP
ALTACE 5mg MP
AM
AM 1
AMA RYL
AMA RYL | LOGO LOGO
AMARYL | LOGO
AMB 10 | 5421
AMB 5 | 5401
AMBI 403
AMBI 406
AMBI G | AMBIFED
AMBIFED G DM
AMC | 875 125
AMEN | LOGO
AMGEN | 30
AMGEN | 90
AMIDE 014
AMIDE 015
AMIDE 032
AMIDE | 084
AMNEAL 669
AMNEAL 670
AMOX 250 GG 848
AMOX 500 GG 849
AMOXIL 250 AMOXIL 250
AMOXIL 400
AMOXIL 500 AMOXIL 500
AMOXIL 875
AMOXIL | 250
AMP 250
AMP 500
AN
AN 1
AN 2
AN 361
AN 44
AN 441
AN 442
AN 511
AN 512
AN 513
AN 514
AN 515
AN 521
AN 522
AN 553
AN 573
AN 574
AN 617
AN 627
AN 641
AN 642
AN 643
AN | 71
AN | 711
AN | 713
AN | 77
ANAFRANIL 50mg
ANCHEN 108
ANCOBON 500 ICN ANCOBON 500 ICN
ANEXSIA | 5361
ANEXSIA | 5362
ANI 230
ANI 231
ANI 232
ANI 241
ANI | 240
ANOLOR-300 51674-0009
ANSAID 100mg
ANSAID 50mg
ANTIVERT | 210
ANTIVERT | 211
ANTIVERT | 214
ANZEMET | 100
AP 025
AP 026
AP 027
AP 204
AP 2461
AP 2462
AP 2463
AP 2465
AP 3171 | 50 50 50
AP 5161
AP 7046
AP 7047
AP 7048
AP | 112
AP | 113
AP | 115
AP | 7045
AP | nu
AP1
AP2
AP4
AP7491 250 mg
AP7494 500 mg
APO 008
APO 014
APO 015
APO 016
APO 019
APO 020
APO 027
APO 033
APO 034 | 600
APO 039
APO 040
APO 041 | 400
APO 047 | 250
APO 048 | 500
APO 055
APO 1000
APO 112
APO 113
APO 114
APO 120
APO 133 25
APO 134 100
APO 200
APO 240
APO 300
APO 360
APO 500 | MET
APO 850
APO M250
APO T100
APO T150 | 50 50 50
APO T4
APO T50
APO T6
APO TI-2
APO ZIP 80
APO | 083
APO | 084
APO | 093
APO | 094
APO | 095
APO | 097
APO | 10
APO | 10 25
APO | 101
APO | 200
APO | 5 12.5
APO | A10
APO | AB 300
APO | AF 120
APO | AF 160
APO | AF 80
APO | ALF 10
APO | ALL 100
APO | ALL 300
APO | AML 2.5
APO | ATV 20
APO | ATV 40
APO | ATV 80
APO | BE 10
APO | BE 20
APO | BE 40
APO | BE 5
APO | BUP 100
APO | C500
APO | CI 20
APO | CI 40
APO | CIL 100
APO | CIL 50
APO | CL 75
APO | CLA250
APO | CLA500
APO | CPZ 500
APO | DES 0.1
APO | DES 0.2
APO | EP 25
APO | EP 50
APO | FAM500
APO | FOS 40
APO | FOS-10
APO | FOS-20
APO | GAB 600
APO | GAB 800
APO | GLP 5
APO | H 25
APO | KET 200
APO | L20
APO | L40
APO | LE 10
APO | LE 20
APO | LET 2.5
APO | LMV 100
APO | LMV 150
APO | LMV 300
APO | LOR 10
APO | MEL 7.5
APO | MI 15
APO | MI 30
APO | MI-45
APO | MID 10
APO | MYC 180
APO | NV400
APO | OL 10
APO | OL 20
APO | OLA 10
APO | OLA 2.5
APO | OXC 600
APO | PRA 10
APO | PRA 20
APO | PRA 40
APO | PRA 80
APO | QU-10
APO | QU-20
APO | QU-40
APO | QUE 50
APO | RAN 150
APO | RI .25
APO | RI .5
APO | RI 1
APO | RI 2
APO | RI 3
APO | T 5
APO | TER 250
APO | TO 10
APO | TO 20
APO | TOR 100
APO | TR 50
APO | TRA 650
APO | XR500
APO | XR750
APO | ZOL 5
APO046 | 125
APRESAZIDE 25/25 CIBA 139
APRESAZIDE 50/50 CIBA 149
AR 102 AR 102
AR374
ARICEPT | 10
ARICEPT | 23
ARICEPT | 5
ARTANE 2 | LL A11
ARTANE 5 | LL A12
AS 400
ASACOL NE
ASC 105
ASC 106
ASC 116
ASC | 106
ASL | 40
ASL | 80
ASP C + C
ASPIRIN 44 157
ASPIRIN L
ASPIRIN | 44 157
ASPIRIN | 44 249
ATARAX 10
ATARAX 100
ATARAX 25
ATARAX 50
ATON 405 | MEPHYTON
AUGMENTIN 400
AUGMENTIN 875
AUGMENTIN XR
AUGMENTIN | 250/125
AUGMENTIN | 500/125
AVINZA 120 mg 508
AVINZA 30 mg 505
AVINZA 60mg 506
AVINZA 90 mg 507
AZ 013
AZ 023
AZ 217
Adalat CC | 30
Adalat CC | 60
Adalat CC | 90
Adams | 002
Adams | 043
Adams | 044
Adams | 047
Adams | 063
Adams | 068
Adams | 1200
Adams | 600
Advil
Adx 1 | A
Ambifed G
Andrx 132
Andrx 333
Andrx 520 200 mg
Andrx 548 120 mg
Andrx 549 180 mg
Andrx 550 240 mg
Andrx 640 40 mg
Andrx 696 120 mg
Andrx 697 180 mg
Andrx 698 240 mg
Andrx 699 300 mg
Andrx 700 360 mg
Andrx 710
Andrx 720
Andrx 826
Augmentin XR
A~
B 073
B 074
B 12 | LL
B 13 | LL
B 14 | LL
B 145
B 146
B 203
B 293
B 294
B 3 | LL
B 303 | 40
B 312
B 325
B 35 | V
B 622 B 622
B 746
B 747
B 748
B 794
B 839
B M9 | MAXZIDE
B P | 605
B P | 655
B P | 656
B | 120
B | 180
B | 240
B | 30
B | 300
B | 360
B | 420
B | 60
B | 728
B | 729
B | 730
B-080
B2
B2 92
B2C
B3 | LL
B302 | 20
B417
B418
B419
B8
BA 300
BAC 10 | 832
BACTRIM
BACTRIM DS
BACTRIM DS | WF HC
BACTRIM | ROCHE
BACTRIM | WF HC
BACTRIM-DS | ROCHE
BARR | 286
BAYER BAYER
BAYER | 10
BAYER | 2.5
BAYER | 20
BAYER | 5
BAYER | C 1000 QD
BAYER | C1000 QD
BAYER | C500 QD
BAYER | LG
BAYER | M400
BCI
BCT 2 1/2
BEACH 1111
BEECHAM FASTIN
BENTYL 10 BENTYL 10
BENTYL 20
BERLEX | 120mg
BERLEX | 160mg
BERLEX | 80mg
BERTEK 670 BERTEK 670
BERTEK 750 BERTEK 750
BETAPACE | 120 mg
BETAPACE | 160mg
BETAPACE | 240mg
BETAPACE | 80mg
BI 11
BI 6
BI 7
BI BI | 90 90
BI BI | 91 91
BI | 101
BI | 12
BI | 17
BI | 18
BI | 83
BIOCRAFT | 105 105
BIOCRAFT | 16
BIOCRAFT | 3 4
BIOHIST
BL L1
BL V2
BL | 132
BL | 133
BL | 35
BL | 92
BL | 93
BLAINE
BLOCADREN | MSD 136
BLOCADREN | MSD 437
BLOCADREN | MSD 59
BMP 190
BMS 100 | 32
BMS 100mg 3623
BMS 125mg 6671
BMS 150mg 3624
BMS 1964 15
BMS 1965 20
BMS 1966 30
BMS 1967 40
BMS 200 | 33
BMS 200mg 3631
BMS 200mg 6672
BMS 250 | 41
BMS 250mg 6673
BMS 300mg 3622
BMS 400mg 6674
BMS 6060 | 500
BMS 6063 | 500
BMS 6064 | 750
BMS 6070 | 850
BMS 6071 | 1000
BMS | 1611
BMS | 1612
BMS | 524
BMS | 6072
BMS | 6073
BMS | 80
BMS | MONOPRIL 40
BNP 7600 BNP 7600
BNVA | 150
BOCA | 604
BOCA | 611
BP 500
BP 543
BP 630
BP 631
BP 632
BP 633
BP 643 | 10
BP 648 | 5
BP 649 | 7.5
BP 811
BP 812
BP 920
BP 955
BPI 63 | A
BPI 64 | A
BPI 65 | A 2
BR 174
BR 348
BR 522
BRA 200
BRISTOL 3030 10 mg
BRISTOL 3031 40 mg
BRISTOL 3032 100 mg
BRISTOL 3091
BRISTOL 7271 500mg
BRISTOL 7278 BRISTOL 7278
BRISTOL 7279 BRISTOL 7279
BRISTOL 7992 BRISTOL 7992
BRISTOL 7993 BRISTOL 7993
BROMFED MURO 12-120
BROMFED MURO 6-60
BRONTEX
BTG | 10
BUCET LOGO 307
BUMEX 0.5 | ROCHE
BUMEX 1 | ROCHE
BUMEX 2 | ROCHE
BUTISOL SODIUM | 37 113
BUTISOL SODIUM | 37 114
BVF 120 BVF 120
BVF 180 BVF 180
BVF 240 BVF 240
BVF 300 BVF 300
BVF | 0117
BZT
BuSpar | MJ 10
BuSpar | MJ 5
C
C  119
C 010
C 10
C 119
C 120
C 133
C 16
C 20
C 284
C 300
C 39
C 40
C 44 | LL
C 474
C 5
C 500
C 51
C 53
C 54
C 55
C 57
C 582
C 73
C 74
C 75
C 77
C 78
C 8656
C 97
C C | 105
C Cephalon 15 mg
C G | T D
C | 01 70
C | 113
C | 115
C | 205
C | 215
C | 220
C | 225
C | 343
C | 344
C | 4 1
C | 402
C | 404
C | 45
C | 48
C | 49
C | 5 6
C | 50
C | 56
C | 62
C | 745
C | 747
C | 79
C | 80
C | 86
C | 87
C | 93
C | 94
C | 95
C | clock face
C-122
C102 | 600
C103 | 800
C11 | M
C12 | SANKYO
C134
C22 | SANKYO
C23 | SANKYO
C25 | SANKYO
C250 | APO
C2C
C500 QD | BAYER
C500 | APO
C55
CAFERGOT
CALAN 120
CALAN | 40
CALAN | 80
CALAN | SR 120
CALAN | SR 180
CALAN | SR 240
CALTRATE | D4 600
CAP
CAP DM
CAPACET 534
CAPOTEN 100
CAPOTEN 25
CAPOTEN 50
CAPOTEN | 12.5
CAPOZIDE 25/15
CAPOZIDE 25/25
CAPOZIDE 50/15
CAPOZIDE 50/25
CARAFATE | 17 12
CARAFATE | 1712
CARDENE 20mg ROCHE
CARDENE 30mg ROCHE
CARDENE SR 30 mg PDL BioPharma
CARDENE SR 30mg ROCHE
CARDENE SR 45mg ROCHE
CARDENE SR 60mg ROCHE
CARDENE SR PDL BioPharma
CARDIZEM | 120 mg
CARDIZEM | 90 mg
CARDURA | 8 mg
CARNITOR ST
CAROLINA PHARMA DECONSAL II
CATAFLAM | 50
CBP
CBP 200
CD 129
CD 130
CDT 051 | Pfizer
CDT 052 | Pfizer
CDT 054 | Pfizer
CDT 058 | Pfizer
CDT 101 | Pfizer
CDT 102 | Pfizer
CDT 104 | Pfizer
CDT 108 | Pfizer
CDT 251 | Pfizer
CDT 254
CECLOR CD 500MG
CELLTECH 574 10mg
CELLTECH 575 20mg
CELLTECH 576 30mg
CERTUSS
CET
CF 500 | G
CFZ | 100
CFZ | 300
CG CG | TE TE
CG CG | TF TF
CG FXF
CG | HGH
CG | HHH
CG | T D
CGPI 40
CHEMET 100
CHX 0.5 | Pfizer
CHX 1.0 | Pfizer
CI
CI 10 | APO
CIBA 16
CIBA | 135
CIBA | 2 6
CIBA | 22
CIBA | 3
CIBA | 34
CIBA | 7
CIBA | N R
CIPRO | 100
CIPRO | 250
CIPRO | 500
CIPRO | 750
CITRACAL | MISSION
CL 025
CL 030
CL 20
CL 205
CL 206
CL 400
CL | 11
CL | 12
CL | 13
CL | 14
CLARITIN 10 | 458
CLARITIN-D
CLARITIN-D 24 HOUR
CLEOCIN 150mg CLEOCIN 150mg
CLEOCIN 300mg CLEOCIN 300mg
CLEOCIN 75mg CLEOCIN 75mg
CLINORIL | MSD 941
CLINORIL | MSD 942
CLOM 25 CLOM 25
CLOM 50 CLOM 50
CLOMID 50
CLORFED
CM | 155
CM | 215
CM | 551
CM | 611
CMC 176
CO20
COGENTIN | MSD 21
COGNEX 10
COGNEX 20
COGNEX 30
COGNEX 40
COMTAN
COP | 006
COP | 014
COP | 186
COPLEY 107
COPLEY 117
COPLEY 225
COPLEY | 114
COPLEY | 188
CORGARD 120MG | BL 208
CORGARD 160MG | BL 246
CORGARD 20 | BL 232
CORGARD 40 | BL 207
CORGARD 80 | BL 241
CORNERSTONE BIOPHARMA DECONSAL II
CORTEF 10
CORTEF 20
CORTEF 5
CORZIDE 40/5 | BL 283
CORZIDE 80/5 | BL 284
COUMADIN 1
COUMADIN 10
COUMADIN 2
COUMADIN 2 1/2
COUMADIN 3
COUMADIN 4
COUMADIN 5
COUMADIN 6
COUMADIN 7 1/2
COVERA-HS 2011
COVERA-HS 2021
COZAAR | MRK952
CP 331
CP 332
CPC 1465
CPC 339
CPC 64
CPC FL
CPM 12 CPM 12
CPM 8 CPM 8
CR 500
CREON 1206
CREON 1212
CREON 1224
CREON 1236
CRESTOR 10
CRESTOR 20
CRESTOR 5
CRESTOR | 40
CRIXIVAN 200 mg
CRIXIVAN 400 mg
CT
CT 1
CT1
CT2
CTI 102
CTI 103
CTI 112
CTI 113
CTI 121
CTI 122
CTI 141
CTI 143
CTI 222
CTI 223
CTI 224
CTN | 10
CTN | 5
CUPRIMINE MSD 602
CURPRIMINE MSD 672
CVT 500
CVT1000
CXL 4
CXL 8
CYP
CYP 196
CYTOVENE 250mg ROCHE
CYTOVENE 500mg ROCHE
CZ
Cardizem CD 360mg
Cedax 400mg
CellCept 250 Roche
Cipro | 500
Concept OB US
Cp 278
D 0
D 01
D 02
D 03
D 04
D 06
D 07
D 08
D 1
D 11 | logo
D 12 | LL
D 12 | logo
D 24
D 25
D 27
D 35 | W
D 37 | W
D 5
D 70
D 86
D 92
D 94
D 95
D 96
D D
D D D
D I I
D | 10
D | 11
D | 19
D | 2.5
D | 20
D | 31
D | 5
D | 500
D | 63
D | 74
D-110
D1 50
D100
D12
D14 | JMI
D140
D75
DALLERGY JR LASER 176
DALLERGY LASER 176
DALMANE 15 ROCHE DALMANE 15 ROCHE
DALMANE 30 ROCHE DALMANE 30 ROCHE
DAN 10 | 5883
DAN 20 | 5884
DAN 25 | 5713
DAN 3120 DAN 3120
DAN 5 | 5882
DAN 50 | 5714
DAN 5440 DAN 5440
DAN 5535 DAN 5535
DAN 5554 | 10
DAN 5555 | 20
DAN 5557 | 80
DAN 5560 DAN 5560
DAN 5561 DAN 5561
DAN 5593 DAN 5593
DAN 5594 DAN 5594
DAN 5619 | 5
DAN 5621 | 2
DAN 5633 DAN 5633
DAN 5637 DAN 5637
DAN 5642 | 2.5
DAN 5643 | 10
DAN 5708 DAN 5708
DAN 5726 DAN 5726
DAN 5731 | 20
DAN 5782
DAN 5783
DAN DAN | 5059
DAN DAN | 5307
DAN DAN | 5321
DAN DAN | 5335
DAN DAN | 5337
DAN DAN | 5347
DAN DAN | 5382
DAN DAN | 5430
DAN DAN | 5443
DAN DAN | 5454
DAN DAN | 5543
DAN DAN | 5544
DAN DAN | 5599
DAN | 5319
DAN | 5513
DAN | 5523
DAN | 5538
DAN | 5540
DAN | 5658
DAN | 5922
DANOCRINE 100 mg W D 04
DANOCRINE 200 mg W D 05
DANOCRINE 50 mg W D 03
DANTRIUM 100 mg 0149 0033
DANTRIUM 100mg 0149 0033
DANTRIUM 25 mg 0149 0030
DANTRIUM 25mg 0149 0030
DANTRIUM 50 mg 0149 0031
DANTRIUM 50mg 0149 0031
DARAPRIM A3A
DARVOCET-N 100
DARVOCET-N 100 Lilly
DARVOCET-N 50
DARVON
DARVON-N 100
DAVA
DAYPRO | 1381
DDAVP 0.1 | LOGO
DDAVP 0.2 | LOGO
DDS 080
DDS 081
DECADRON | MSD 41
DECADRON | MSD 63
DECADRON | MSD 97
DEFEN
DELTASONE 10
DELTASONE 2.5
DELTASONE 20
DELTASONE 5
DELTASONE 50
DEPADE | 100
DEPADE | 25
DEPADE | 5 0
DEPAKENE
DESYREL MJ 775
DESYREL MJ 776
DF | 15
DF | 7.5
DG 033
DIAMOX 125 | D1 LL
DIAMOX 250 | LL D2
DIAMOX 754
DIAMOX D3
DIDREX 50
DIFIL G | MD 305
DIFLUCAN 100 | ROERIG
DIFLUCAN 150 | ROERIG
DIFLUCAN 200 | ROERIG
DIFLUCAN 50 | ROERIG
DILANTIN 100mg
DILEX G
DIPENTUM 250
DIPENTUM 250 mg
DIPENTUM 250mg
DISALCID 750 | 3M
DISALCID | 3M
DISTA 3104 PROZAC 10 mg
DISTA 3105 PROZAC 20 mg
DISTA 3107 PROZAC 40 mg
DISTA H69 KEFLEX 250mg
DISTA H71 KEFLEX 500mg
DITROPAN | 92 00
DIURIL | MSD 214
DIURIL | MSD 432
DM1 | O
DM2 | O
DMI | 500
DMQ 20-10
DO | NVR
DOLOBID | MSD 675
DOLOBID | MSD 697
DONNATAL | D
DORAL | 15
DORAL | 7.5
DORYX 75mg
DPI 364
DRAMAMINE
DREIR 115
DRL 50 | 1
DROXIA 6335 DROXIA 6335
DROXIA 6336 DROXIA 6336
DT
DV | D
DV | NVR
DX 31
DX 4 | G
DX 41
DX | NVR
DX1 | G
DX2 | G
DX8 | G
DXL | NVR
DYAZIDE LOGO DYAZIDE LOGO
DYN
DYN-045
DYN-055
DYN-065
DYN-080
DYN-090
DYN-100 | 749
DYN-135
DYN-75 | 748
DYNACIN 75mg  0499
DYNEX VR
DYRENIUM 100 mg DYRENIUM WPC 003
DYRENIUM 50 SKF DYRENIUM 50 SKF
DYRENIUM 50 mg DYRENIUM WPC 002
DayQ
Dia B | HOECHST
DuPont | I I
DynaCirc CR 10
DynaCirc CR 5
E
E  797 | 10
E 1
E 10
E 101
E 102
E 104
E 11
E 111
E 1125 E 1125
E 115
E 117
E 118
E 12
E 120
E 121
E 123
E 128
E 129
E 13
E 130
E 134
E 137
E 138
E 144
E 152
E 157
E 16
E 17
E 173
E 19
E 195
E 198
E 20
E 205
E 210
E 212
E 213
E 22
E 222
E 223
E 25
E 262
E 263
E 27
E 271
E 272
E 281
E 29
E 3 | M
E 30
E 32
E 34
E 341
E 342
E 37
E 372
E 39
E 4 | M
E 40
E 401
E 404
E 41
E 41 E 41
E 410
E 415
E 42
E 42 E 42
E 4350
E 4354
E 44
E 47
E 470
E 48
E 5
E 5 | M
E 50
E 511
E 512
E 53
E 54
E 55
E 56
E 57
E 60
E 63
E 65
E 652 | 15
E 655 | 60
E 7
E 70
E 701
E 704
E 707
E 71
E 72
E 721
E 724
E 73
E 74
E 749
E 757
E 76
E 760
E 771
E 774
E 796 | 7.5
E 797 | 10
E 82
E 84
E 89
E 998
E | 02
E | 03
E | 04
E | 1
E | 10
E | 1111
E | 15
E | 16
E | 17
E | 18
E | 2
E | 20
E | 3
E | 30
E | 34
E | 4
E | 40
E | 45
E | 46
E | 47
E | 48
E | 49
E | 5
E | 7.5
E | 78
E | 79
E | 8 5
E-MYCIN 250mg
E-MYCIN 333mg
E0932
E0933
E1 07
E1 13
E1217 E1217
E122 E122
E1235 E1235
E124
E139
E140
E141
E145
E146
E150 E150
E170
E171
E177
E196
E197
E204
E211
E223
E224
E225
E275
E277
E282
E3
E4416
E50
E5000 E5000
E502 E502
E503 E503
E5156 E5156
E5174 E5174
E5254 E5254
E55
E550 E550
E612 5
E613 10
E613 E613
E615 E615
E617 20
E647 E647
E648 E648
E649 E649
E658 | 100
E659 | 200
E674 10
E693 40
E702 | 10
E703 | 20
E705 | 40
E71
E72
E720 E720
E794 | 5
E799 E799
E801 E801
E805 E805
E810 E810
E882 E882
E907 5
E91 E91
E93 E93
E94 E94
EB | LOGO
EC-NAPROSYN | 375
EC-NAPROSYN | 500
ECOTRIN LOW
ECR 15 ECR 15
ECR 30 ECR 30
ECR 6
ECR 6006 ECR 6006
ECR 645
ED 200 | G
ED 400 | G
ED UB
ED | LOGO
EDECRIN | MSD 65
EDECRIN | MSD 90
EDECRIN | VRX 205
EFF | 2 0
EFF | 20
EFF | 21
EGIS 111 PIROXICAM 10mg
EGIS 112 PIROXICAM 20mg
EH | LOGO
EL 522
ELAVIL | 40
ELAVIL | 41
ELAVIL | 42
ELAVIL | 43
ELAVIL | 45
ELAVIL | 47
ELN 30
ELN 60
EM 10
EM 20
EM 5
EN 10 | G
EN 2.5 | G
EN 5 | G G
ENDO 602
ENDO 610
ENTOCORT EC 3mg
ENZ
EP 104
EP 107
EP 117 | 40
EP 901
EP 902
EP 903
EP 915
EP-110
EP112 EP112
EP136 EP136
EPITOL | 93 93
EREX
ESKALITH LOGO ESKALITH LOGO
ETH 255
ETH 309 | 5 5 5
ETH | 15
ETH | 2 0
ETH | 3
ETH | 315
ETH | 331
ETH | 4
ETH | 434
ETH | 446
ETH | 6
ETH | 625
ETH266 | 1 mg
ETH267 | 2 mg
ETH268 | 4 mg
ETHEX 001
ETHEX 002
ETHEX 004
ETHEX 005
ETHEX 006
ETHEX 017
ETHEX 027
ETHEX 037
ETHEX 041
ETHEX 061
ETHEX 062
ETHEX 063
ETHEX 064
ETHEX 065
ETHEX 066
ETHEX 264 | 5 mg
ETHEX 265 | 10 mg
ETHEX 667
ETHEX | 237
ETHEX | 30
ETHEX | 302
ETHEX | 303
ETHMOZINE 200 | ROBERTS
ETHMOZINE 250 | ROBERTS
ETHMOZINE 300 | ROBERTS
ETO 200
ETO 200 MG ETO 200 MG
ETO 300 MG ETO 300 MG
EURAND 10
EURAND 15
EURAND 20
EURAND 25
EURAND 5
EV 0421
EV 0650
EV 0661
EVERETT | 162
EVOXAC 30 mg
EXELON 1,5 mg
EXELON 3 mg
EXELON 4,5 mg
EXELON 6 mg
EXH 12
EXH 8
EXTRA STRENGTH BAYER
EZ FE 200
EZOL EZOL
Eisai ZONEGRAN 100
Endo
Endo 603
Endo 605
Endo 607
Endo 632
Entex ER 334
Entex LA | 330 330
Eryc WC 696
Erymax 250mg Erymax 250mg
F
F 2
F 25 | APO
F 82
F H 10 | 440
F H 20 | 441
F H 40 | 443
F L | 10
F P | 10 MG
F P | 20 MG
F P | 5400
F | 12
F | 18
F | 19
F | 21
F | 74
F | 8 3
F | 92
F | L
F1
F5
F50 | APO
FAMVIR | 125
FAMVIR | 250
FAMVIR | 500
FANSIDAR ROCHE
FC
FC 100 | G
FC 150 | G
FELBATOL 400 | 04 30
FELBATOL 600 | 04 31
FELDENE PFIZER 322
FELDENE PFIZER 323
FH 160
FH 30 | 442
FH 50
FHI
FHPC 400 PONSTEL
FIORICET CODEINE LOGO
FIORICET FIORICET LOGO LOGO
FIORICET | LOGO
FIORICET | logo
FIORINAL 78-103 FIORINAL 78-103
FIORINAL 955 FIORINAL 955
FIORINAL CODEINE WATSON 956 FIORINAL CODEINE WATSON 956
FL 145
FL 20
FL 290
FL 40
FL 60
FL 80
FL | 10
FL | 100
FL | 2 1/2
FL | 20
FL | 25
FL | 5
FL | 50
FLAGYL 250 | SEARLE 1831
FLAGYL 375 mg
FLAGYL ER | SEARLE 1961
FLEXERIL
FLEXERIL | MSD 931
FLINT | 50
FLINT | 88
FLO
FLOXIN 200
FLOXIN 300
FLOXIN 400
FLU 100 | APO
FLUOXETINE 10mg R 147
FLUOXETINE 20mg R 148
FLUOXETINE 40 mg R 149
FLUOXETINE 40mg R 149
FLZ 100
FLZ 150
FLZ 200
FLZ 50
FLl 14 mg
FLl 21 mg
FLl 28 mg
FLl 7 mg
FOR SLEEP M 22.5 mg 22.5 mg
FOR SLEEP M 7.5 mg 7.5mg
FOREST 0372 Esgic plus
FOREST | 678
FOREST | FLUMADINE 100
FOSAMAX | MRK 212
FS
FT
FT | LOGO
FV | CG
FX | LOGO
FZ | LOGO
Fe
Flomax 0.4 mg BI 58
Forfivo
G
G 0
G 0 | 275
G 0028 | 50
G 0029 | 75
G 0036
G 019 | 10
G 022 | 5
G 035
G 036
G 037
G 0511 G 0511
G 0522 G 0522
G 0533 G 0533
G 12 | JANSSEN
G 127
G 13
G 134
G 150mg 3328
G 1520 | 2.5
G 1540 | 10
G 161
G 162
G 163
G 164
G 173
G 2
G 2004 G 2004
G 21
G 22
G 220
G 222
G 223
G 24 50
G 300 mg 5010
G 31
G 341
G 342
G 343
G 3511
G 3717
G 3718
G 3719
G 3720
G 3721
G 3722
G 3724
G 3725
G 3726
G 3727
G 3740
G 3741
G 3742
G 3781
G 3782
G 3783
G 4
G 4 | JANSSEN
G 400
G 421
G 422
G 423
G 4900 | 50 MG
G 5 | M
G 500
G 5007
G 5008
G 5026
G 5027
G 5028
G 51 | 150
G 51 | 300
G 531
G 532
G 60
G 600
G 800
G 90
G G302
G G406
G M
G | 0.5
G | 1
G | 100
G | 13 7
G | 13 9
G | 164
G | 181
G | 2
G | 2 53
G | 2 54
G | 2 55
G | 2 56
G | 2 57
G | 2 58
G | 2 59
G | 2011
G | 205
G | 2111
G | 2122
G | 224
G | 2444
G | 25
G | 25mg
G | 2611
G | 3
G | 3000
G | 304
G | 3060
G | 344
G | 351
G | 392
G | 404
G | 41
G | 450
G | 50
G | 50mg
G | 591
G | 592
G | 8
G | AM 200
G | C500
G | EN 20
G | FC 50
G | FL 10
G | FL 20
G | GT 4
G | GT 8
G | LV 20
G | LV 40
G | S 120
G | S 160
G | S 80
G | SE 5
G | TR 100
G | TR 125
G | TR 250
G | VOR 200
G-DS-75
G/P | DECONEX
G1
G134
G1530 | 5
G19 | 10
G19 | 5
G2
G220 150
G221 300
G222 600
G24 100
G24 25
G248 150
G352
G38
G4 63 | 832
G4 | M
G403 G403
G41 | 25
G441 G441
G442 G442
G443 G443
G5 | 10
G5 | 20
G5 | 40
G5 | 80
G72
G74
G77
G821 G821
GAL 16
GAL 24
GAL 8
GAS-X
GAS-X ES
GAVISCON 1175
GAVISCON ESR 1174
GDC 103
GDC 113
GDC 119
GDC 126
GE 320
GEIGY 105
GEIGY 72
GEIGY | 140
GEIGY | 35 35
GEIGY | 51 51
GEIGY | 53 53
GEIGY | 71 71
GEIGY | 73 73
GG 101
GG 107
GG 108
GG 109
GG 124
GG 125
GG 126
GG 134
GG 141
GG 159
GG 160
GG 165
GG 166
GG 167
GG 168
GG 169
GG 172
GG 18
GG 181
GG 190
GG 201
GG 21
GG 210
GG 211
GG 213
GG 214
GG 225
GG 226
GG 227
GG 235
GG 249
GG 256
GG 257
GG 258
GG 259
GG 26
GG 260
GG 261
GG 263
GG 264
GG 274
GG 284
GG 296
GG 31 | 15
GG 32 | 25
GG 330 | 137
GG 331 | 25
GG 332 | 50
GG 333 | 75
GG 334 | 88
GG 335 | 100
GG 336 | 112
GG 337 | 125
GG 338 | 150
GG 339 | 175
GG 340 | 200
GG 341 | 300
GG 35
GG 36
GG 4
GG 40
GG 407 | 50
GG 414
GG 415
GG 431
GG 437 | 100
GG 44
GG 445
GG 450
GG 451
GG 457 | 200
GG 461
GG 476 | 25
GG 482
GG 483
GG 484
GG 488
GG 489
GG 490
GG 505 GG 505
GG 506 GG 506
GG 507 GG 507
GG 51 | 1
GG 53 | 2
GG 531 GG 531
GG 535 GG 535
GG 536 GG 536
GG 537
GG 540 GG 540
GG 55 | 5
GG 550
GG 575
GG 58 | 10
GG 580 GG 580
GG 589 GG 589
GG 596 GG 596
GG 597 GG 597
GG 598 GG 598
GG 606
GG 614 GG 614
GG 615 GG 615
GG 621 GG 621
GG 622 GG 622
GG 623 GG 623
GG 624 GG 624
GG 63
GG 633 GG 633
GG 634 GG 634
GG 64
GG 65
GG 705
GG 706
GG 724
GG 725
GG 726
GG 737
GG 738
GG 739
GG 770
GG 771
GG 772
GG 773
GG 78
GG 780
GG 796
GG 798
GG 80
GG 822 GG 822
GG 823
GG 824
GG 825 GG 825
GG 85
GG 904
GG 92
GG 929
GG 93
GG 930
GG 931
GG 935
GG 936
GG 950 | PVK 500
GG 952 | 5
GG 953 | 10
GG 957
GG 962 | 875
GG 97
GG 977
GG C9
GG D7
GG D8
GG L7
GG N5
GG N6
GG N7
GG | 91
GG | 927
GG | 928
GG | 993
GG | 994
GG288
GG637 GG637
GG850 GG850
GG851 GG851
GG854 GG854
GG855 GG855
GGD6
GIL 0.5
GIL 1
GILEAD 10 | LOGO
GILEAD 4331 | 300
GILEAD | 701
GLADES | 28 07
GLADES | 2817
GLIPIZIDE XL 10
GLIPIZIDE XL 2.5
GLIPIZIDE XL 5
GLUCOTROL XL 10
GLUCOTROL XL 2.5
GLUCOTROL XL 5
GLYBUR
GLYBUR | 364 364
GLYBUR | 433 433
GLYBUR | 477 477
GLYNASE 1.5 | PT PT
GLYNASE 3 | PT PT
GLYNASE 6 | PT PT
GLYSET | 100
GLYSET | 25
GLYSET | 50
GMZ | 500
GP 0026 GP 0026
GP 0027 GP 0027
GP 124
GP 127
GP 128
GP 147
GP 148
GP 150
GP 158
GP 159
GPI A325
GPI A5
GRIS-PEG | 125
GRIS-PEG | 250
GS 7CZ
GS FC2
GS LFG
GS | 11F
GS | 25C
GS | 3V2
GS | 5CC
GS | WXG
GSI
GSI | 1
GSI | 200
GSI | 250
GSI1000
GSI500
GSK COREG CR 10mg
GSK COREG CR 20mg
GSK COREG CR 40mg
GSK COREG CR 80mg
GSK | 12.5
GSK | 25
GSK | 37.5
GUAIFED 400-15 VERUM
GUAIFED-PD
GX 623
GX 623 | GX 623
GX CC2
GX CE2
GX CE3
GX CE5
GX CG5
GX CG7
GX CJ7 | 150
GX CJ7 | GX CJ7
GX CL2
GX CL5
GX CM3
GX CT1
GX CW3 | 300
GX EG2
GX EG3 | L
GX EH3 | A
GX EJ7
GX ES7
GX FC3
GX FC3 | GX FC3
GX LL1
GX LL7
GXL 10
GXL 2.5
GXL 5
Geigy 20
Geigy 22
Geigy 40
Geigy 45
Glaxo 394
Glaxo | 387
Glaxo | ZANTAC 150
Glaxo | ZANTAC 300
Guaimax-D | SP 2055
H 102
H 103
H 104
H 106
H 111
H 2
H 3647 | 400
H 48
H 61
H 62
H 64
H 98
H | 1
H | 114
H | 115
H | 121
H | 122
H | 123
H | 124
H | 161
H | 37
H | 38
H | 39
H | 40
H | 41
H | 5 6
H | 5 7
H | 5 9
H | 56
H | 6 0
H | 88
H | PAD
H118
H3647 | 400
HALCION 0.125
HALCION 0.25
HALOTESTIN 10
HALOTESTIN 2
HALOTESTIN 5
HAW 241
HAW 260
HAW 513
HAW 571
HAW 577
HAW 581
HAW 810
HAW 840
HAW240
HCQS
HD 813
HECORIA 0.5 mg
HECORIA 1 mg
HECORIA 5 mg
HH | 111
HH | 112
HH | 113
HH | 330
HH | 331
HH | 972
HH | 973
HH | 974
HH | 975
HH | 977
HH205
HH210
HIVID 0.375 | ROCHE
HIVID 0.750 | ROCHE
HLA 40
HMP
HOPE | 301
HOPE | 742
HORIZON 205
HP 10 HP 10
HP 146 HP 146
HP 18 HP 18
HP 2
HP 227
HP 27
HP 3
HP 4
HP 43
HP 46
HP 47
HP 5
HP 6
HP 62
HP 70
HP 71
HP44
HP45 HP45
HPC 200
HSS 375 HSS 375
HUM DM | 030
HX 814
HYCODAN
HYD 100
HYD 120
HYD 20
HYD 30
HYD 40
HYD 60
HYD 80
HYDERGINE 1 | logo
HYDERGINE LC 1mg LOGO
HYDREA 830 HYDREA 830
HYDROCORTONE | MSD 619
HYDRODIURIL | MSD 105
HYDRODIURIL | MSD 42
HYZAAR | MRK 717
HYZAAR | MRK 747
I 12
I 21
I 22
I 25
I 26
I 3
I 4
I 4336 1 mg
I 4337 2 mg
I 4338 5 mg
I 4339 10 mg
I 47
I 5
I 7
I 71
I E 1.25 | G
I G | 200
I G | 203
I G | 204
I G | 205
I G | 207
I G | 208
I G | 210
I G | 212
I G | 213
I G | 214
I G | 225
I G | 250
I G | 251
I I
I L | 20mg
I L | 40mg
I | 3759
I-2
I-G
I-max 100 I-max 100
I03
I3
I35
I37
I40
I46
IB 200
IBU 400
IBU 600
IBU 800
IBU200
ICN 0901 ICN 0901
ICN 600
ICN-M180
IDA 440
IE 2.5 | G
IG | 201
IG | 202
IG | 206
IG | 209
IG | 237
IG | 238
IG | 239
IG | 257
IG | 258
IG | 270
IG | 275
IG | 276
IG | 277
IG | 278
IG | 279
IG | 280
IG | 281
IG | 282
IG | 302
IG | 341
IG271 1.25 mg
IG272 2.5 mg
IG273 5 mg
IG274 10 mg
IL
IL 3581
IL 3625
IL 3634
IL | 10mg
IMDUR
IMDUR | 120
IMDUR | 30 30
IMDUR | 60 60
IMI 10
IMITREX 100
IMITREX 50
IMITREX | 100
IMITREX | 50
IMODIUM A-D | 2 MG
IMURAN 50
INCY | 10
INCY | 15
INCY | 20
INCY | 25
INCY | 5
INDERAL 10 | I
INDERAL 20 | I
INDERAL 40 | I
INDERAL 60 | I
INDERAL 80 | I
INDERAL LA 120
INDERAL LA 160
INDERAL LA 60
INDERAL LA 80
INDERIDE 40/25 | I
INDERIDE 80/25 | I
INDOCIN SR 695
INV 211 INV 211
INV 263
INV 275 | 5
INV 312 | 4
IONAMIN 15
IONAMIN 30
IP 10
IP 101 IP 101
IP 102 IP 102
IP 103 IP 103
IP 109
IP 110
IP 111
IP 116
IP 117
IP 119
IP 12
IP 131 | 400
IP 132 | 600
IP 135
IP 137 | 800
IP 141 IP 141
IP 145
IP 146
IP 177 | 10 00
IP 178
IP 179
IP 188 | 250
IP 189 | 375
IP 190 | 500
IP 193
IP 194
IP 203
IP 212 IP 212
IP 218 | 500
IP 253
IP 254
IP 271
IP 272
IP 46
IP 464
IP 465
IP 466
IP 52
IP 54
IP 77
IP 78
IP 9
IP204
IP206
IP46
IPX066 145
IPX066 195
IPX066 245
IPX066 95
IRESSA 250
ISMO 20
ISOPTIN SR
ISOPTIN SR | 180mg
IT | L3
J 2 | LL
J 232
J 233
J 234
J 245
J 246
J 247
J 248
J 58
J1 J1
J2 J2
J94
J95
JANSSEN SPORANOX 100
JANSSEN | G 12
JANSSEN | G 4
JANSSEN | G 8
JANSSEN | R 1
JANSSEN | R 2
JANSSEN | R 3
JANSSEN | R 4
JANSSEN | Ris 0.25
JANSSEN | Ris 0.5
JC LOGO
JI LOGO
JMI D16
JMI D17
JN LOGO
JSP 507
JSP 544
JSP 545
JSP | 513
JSP | 514
JSP | 515
JSP | 516
JSP | 519
JSP | 520
JSP | 522
JSP | 523
JSP | 561
JSP | 562
JSP | 563
JSP | 564
K
K 10
K 115
K 13
K 14
K 140
K 16 K 16
K 18
K 2
K 25
K 26 K 26
K 27 K 27
K 28 K 28
K 29 K 29
K 4
K 400
K 401
K 44
K 56
K 57
K 59
K 70
K 71
K 8
K 9
K L | LOGO
K U | 712
K U | 720
K U | 725
K | 115
K | 200
K | 201
K | 250
K | 4
K-DUR 10
K-DUR 20
K-TAB | LOGO
K1
K10
K11
K12
K28
K39
K399
K6
KADIAN  60 mg
KADIAN 10 mg
KADIAN 100 mg
KADIAN 10mg
KADIAN 150 mg
KADIAN 20 mg
KADIAN 200 mg
KADIAN 30 mg
KADIAN 40 mg
KADIAN 50 mg
KADIAN 60 mg
KADIAN 80 mg
KALI | 280
KALI | 281
KALI | 282
KC 10
KC 8
KC M10
KC M20
KC | 1
KC | 2
KC | 4
KEFLEX 500 mg
KEFLEX 750 mg
KEFTAB 500
KENWOOD 181
KENWOOD 184
KERLONE 10
KERLONE 20
KLE | 2.5/325
KLOR-CON 10
KLOR-CON 8
KLOTRIX BL 10MEQ 770
KLX | 170
KNOLL 1
KNOLL 2
KNOLL 4
KNOLL | 120 SR
KO
KOS | 021
KOS | 022
KOS | 023
KOS | 1000
KOS | 1002
KOS | 1004
KOS | 500
KOS | 502
KOS | 750
KOS | 752
KPI 116
KPI 117
KPI 207 | CORGARD 40
KPI 232 | CORGARD 20
KPI 283 | CORZIDE 40/5
KPI 284 | CORZIDE 80/5
KPI | 115
KPh | 101
KPh | 102
KU 103
KU 106 | 10
KU 107 | 20
KU 108
KU 114
KU 118
KU 119
KU 128
KU 129
KU 136
KU 15 | 177
KU 181
KU 260
KU 261
KU 262
KU 485  100mg
KU 486 200 mg
KU 486 200mg
KU 487 300 mg
KU 487 300mg
KU 7.5 | 171
KU | 101
KU | 180
KU | 205
KU | 270
KU | 271
KU | 272
KU | 7
KX52
Kadian 100 mg
Kao SS
L
L 014
L 1
L 105
L 11 | M
L 12 | M
L 120
L 122
L 123
L 124
L 15 | M
L 181
L 20
L 217
L 24 | M
L 25 | M
L 26 | M
L 27 | M
L 374
L 40
L 403 | 325 MG
L 489
L 5
L 6 | M
L 60
L 612
L 80
L 873
L DM
L L | B 1
L U | C 32
L U | D01
L U | D02
L U | D03
L U | F01
L U | H01
L U | P22
L U | W22
L U | W23
L U | X01
L U | X02
L U | X03
L U | X04
L | 1
L008
L009
L010
L022
L023
L050
L054
L113 | 20
L114 | 40
L133 | 300
L144
L145
L164 L164
L167
L178
L187 | L187
L194
L2
L232
L233
L234
L274
L344
L368
L373
L374
L3T3
L405 | 500MG
L431
L432
L441
L461
L462 L462
L463
L467
L468
L477
L478
L479 | 25
L484
L485
L486
L490
L528
L534
L535
L544
L595
L612
L631
L657
L7
L873
L917
L950
L9CZ 5
LAMICTAL 100
LAMICTAL 150
LAMICTAL 200
LAMICTAL 25
LAMICTAL XR 100
LAMICTAL XR 200
LAMICTAL XR 50
LAMISIL | 250
LAN 0586
LAN 1050
LAN 1231
LAN 1282
LAN 1301
LAN | 1313
LANNETT 0527/1552
LANNETT 1369
LANOXIN F3F
LANOXIN X3A
LANOXIN Y3B
LARIAM 250 ROCHE
LASER 0169 LASER 0169
LASER 0174 LASER 0174
LASER 360 LASER 360
LASER | 01 87
LASIX
LASIX 40
LASIX 40 | HOECHST
LASIX 80
LASIX 80 | HOECHST
LASIX | HOECHST
LB 2-25
LCE 100
LCE 125
LCE 150
LCE 200
LCE 50
LCE 75
LCI 1336
LCI 1353 | 2
LCI 1354 | 4
LCI 1355
LCI | 1335
LCI | 1336
LCI | 1338
LCI | 1409
LCI | 1537
LCI | 1695
LD 1200
LD BT
LDK 150MG NVR
LDT
LEK CT3
LESCOL XL | 80
LEVAQUIN | 250
LEVAQUIN | 500
LEVAQUIN | 750
LEVOXYL | DP 100
LEVOXYL | DP 125
LEVOXYL | DP 137
LEVOXYL | DP 150
LEVOXYL | DP 175
LEVOXYL | DP 200
LEVOXYL | DP 25
LEVOXYL | DP 75
LEVOXYL | DP 88
LEVOXYL | dp 112
LEVOXYL | dp 300
LEVOXYL | dp 50
LEVOXYL | dp 75
LEXXEL 1 5-5
LEXXEL 2 5-2.5
LH-12
LIBRAX ICN
LIBRAX ROCHE LIBRAX ROCHE
LIBRIUM 10 ICN
LIBRIUM 10 ROCHE
LIBRIUM 25 ROCHE
LIBRIUM 5 ICN
LILLY 3251 100MG
LILLY 4112
LILLY 4115
LILLY 4116
LILLY 4117
LILLY 4165
LILLY 4415
LILLY 4420
LIMBITROL DS | ICN
LIMBITROL DS | ROCHE
LIMBITROL | ROCHE
LIORESAL | 10 10
LIORESAL | 20 20
LIQUIBID-D
LITHOBID 300
LL 242
LL | B 1
LL | B01
LL | B02
LL | B03
LL | C01
LL | C03
LL | C05
LL | CO2
LL | CO3
LL | CO4
LL | CO5
LL | F 66
LL | H 14
LL | H 15
LL | J1
LL | M 20
LL | P 33
LL | P 36
LN
LNK 25
LODINE 200
LODINE 300
LODINE 400
LODINE 500
LODINE XL 400
LODINE XL 500
LODINE XL 600
LODOSYN | 511
LODRANE 24 D LODRANE 24 D
LOGO
LOGO .25 | 5 46
LOGO .5 | 5 47
LOGO 0 3 9
LOGO 0.5 | 5420
LOGO 012
LOGO 016
LOGO 01A
LOGO 020 | 20
LOGO 021
LOGO 021 | 40
LOGO 025
LOGO 043
LOGO 044
LOGO 051
LOGO 063
LOGO 064
LOGO 067 LOGO 067
LOGO 07
LOGO 076 LOGO 076
LOGO 1 | 5 48
LOGO 1.5 | 5 49
LOGO 10 | 5123
LOGO 10 | 5851
LOGO 10 | Xa
LOGO 100 | 5411
LOGO 1000
LOGO 1000-20
LOGO 1000-40
LOGO 1120
LOGO 1124
LOGO 117
LOGO 119
LOGO 12
LOGO 1217 LOGO 1217
LOGO 126
LOGO 127
LOGO 128
LOGO 13
LOGO 135
LOGO 146
LOGO 147
LOGO 15 | Xa
LOGO 150
LOGO 151
LOGO 152
LOGO 153
LOGO 174
LOGO 182
LOGO 2
LOGO 2.5 DynaCirc
LOGO 20
LOGO 20 LESCOL LOGO
LOGO 20 | 4626
LOGO 20 | 5728
LOGO 20 | 5852
LOGO 20 | Xa
LOGO 200 mg
LOGO 200 | 4431
LOGO 200 | 5413
LOGO 2057 LOGO 2057
LOGO 21
LOGO 21 | 4
LOGO 2120
LOGO 2345 LOGO 2345
LOGO 2346 LOGO 2346
LOGO 2347 LOGO 2347
LOGO 2407 LOGO 2407
LOGO 241
LOGO 2416 LOGO 2416
LOGO 242
LOGO 244
LOGO 25 | 5672
LOGO 25/15
LOGO 257
LOGO 2577 LOGO 2577
LOGO 2578 LOGO 2578
LOGO 2588 LOGO 2588
LOGO 25mg OR
LOGO 2779 LOGO 2779
LOGO 28
LOGO 29
LOGO 2908
LOGO 2909 LOGO 2909
LOGO 2911 LOGO 2911
LOGO 2918 LOGO 2918
LOGO 2950 LOGO 2950
LOGO 2984 LOGO 2984
LOGO 2985 LOGO 2985
LOGO 316
LOGO 324
LOGO 325
LOGO 33
LOGO 34
LOGO 342
LOGO 343
LOGO 345
LOGO 35
LOGO 355
LOGO 3581
LOGO 3583
LOGO 3584
LOGO 3638
LOGO 3657
LOGO 4
LOGO 40
LOGO 40 LESCOL LOGO
LOGO 40 | 5729
LOGO 4029 LOGO 4029
LOGO 4030 LOGO 4030
LOGO 4067 LOGO 4067
LOGO 4068 LOGO 4068
LOGO 4069 LOGO 4069
LOGO 4073 LOGO 4073
LOGO 4074 LOGO 4074
LOGO 4197 | 10
LOGO 4267 | 400
LOGO 4268 | 800
LOGO 4346 40 mg
LOGO 4356 20 mg
LOGO 4356 20mg
LOGO 4357 | 150
LOGO 4358 | 300
LOGO 4359 | 25
LOGO 4360 | 100
LOGO 4363 10mg
LOGO 4364 | 100
LOGO 4365 | 200
LOGO 4404 | 50
LOGO 4444 | 800
LOGO 45
LOGO 477
LOGO 4804 LOGO 4804
LOGO 4805 LOGO 4805
LOGO 4806 LOGO 4806
LOGO 4960
LOGO 497
LOGO 5 DynaCirc
LOGO 5 | 5121
LOGO 5 | 5663
LOGO 5 | 5850
LOGO 50 mg
LOGO 500
LOGO 500-20
LOGO 500-40
LOGO 5032 | 20/25
LOGO 5033 | 10/12.5
LOGO 5034 | 20/12.5
LOGO 505 30mg
LOGO 508 120mg
LOGO 51
LOGO 511
LOGO 512
LOGO 513
LOGO 52
LOGO 524
LOGO 5241 0.5 mg
LOGO 53
LOGO 530
LOGO 5306
LOGO 5307
LOGO 5311 | 250
LOGO 5313 | 750
LOGO 535-12
LOGO 5351 | 10
LOGO 5352 | 20
LOGO 5362
LOGO 5363
LOGO 559
LOGO 560
LOGO 5623 150 mg
LOGO 5624 300 mg
LOGO 571 | 500
LOGO 5710 | 1.25/250
LOGO 5711 | 2.5/500
LOGO 5712 | 5/500
LOGO 574
LOGO 575
LOGO 577 | 750
LOGO 592
LOGO 594
LOGO 599
LOGO 6
LOGO 6 LOGO 6
LOGO 60
LOGO 605 LOGO 605
LOGO 607
LOGO 60mg 506
LOGO 620
LOGO 631
LOGO 632
LOGO 636
LOGO 637
LOGO 640
LOGO 642
LOGO 643
LOGO 644
LOGO 645
LOGO 655
LOGO 658
LOGO 659
LOGO 660
LOGO 661
LOGO 665 LOGO 665
LOGO 666 LOGO 666
LOGO 667 LOGO 667
LOGO 671
LOGO 672
LOGO 673
LOGO 691 | 180
LOGO 692 | 240
LOGO 693 | 300
LOGO 694 | 360
LOGO 695 | 420
LOGO 7
LOGO 706
LOGO 707
LOGO 708
LOGO 713
LOGO 718 | LOGO 718
LOGO 741
LOGO 742
LOGO 750
LOGO 750-20
LOGO 751
LOGO 752
LOGO 753
LOGO 755
LOGO 756
LOGO 757
LOGO 758
LOGO 759
LOGO 777
LOGO 78 240
LOGO 799 LOGO 799
LOGO 831
LOGO 832
LOGO 833
LOGO 86120
LOGO 8657
LOGO 871
LOGO 872
LOGO 873
LOGO 9
LOGO 90mg 507
LOGO AR
LOGO CELEGENE 50MG
LOGO CELGENE 100MG
LOGO CELGENE 200MG
LOGO CELGENE 50MG
LOGO DILACOR XR 120 mg
LOGO DILACOR XR 180 mg
LOGO DILACOR XR 240 mg
LOGO DILANTIN 100 mg
LOGO DS 100
LOGO EE
LOGO EK
LOGO ENDURON
LOGO ER LOGO ER
LOGO F-C SANDOZ 78-107
LOGO FHPC 400 PONSTEL
LOGO FR
LOGO H4
LOGO H8
LOGO H9
LOGO HC
LOGO HF
LOGO HH
LOGO HK
LOGO HN
LOGO HPC 170
LOGO HY
LOGO KA
LOGO KC
LOGO KJ
LOGO KT
LOGO LANNETT 1310
LOGO LANNETT 1315
LOGO LANNETT 1326
LOGO LANNETT 1369
LOGO LANNETT 1393
LOGO LANNETT 1552
LOGO LANNETT 1632
LOGO LCR 100
LOGO LCR 150
LOGO LOGO | AMA RYL
LOGO LOGO | C 5
LOGO LOGO | SK
LOGO LOGO | ST
LOGO M
LOGO NR
LOGO NS
LOGO NT
LOGO PCE
LOGO PK
LOGO Pro-Fast HS
LOGO RP 10
LOGO RP 2.5
LOGO RP 5
LOGO Reliant 225
LOGO Reliant 325
LOGO Reliant 425
LOGO SANDOZ 571
LOGO SR
LOGO Somerset Eldepryl 5 mg
LOGO TL | T
LOGO TM | T
LOGO TN | T
LOGO TX
LOGO TY
LOGO UC
LOGO UD
LOGO Wellcome Y9C 100
LOGO ZA
LOGO ZENITH 500mg 4058
LOGO ZF
LOGO ZK
LOGO Zenith 4266 200
LOGO cardizem SR 120 mg
LOGO cardizem SR 60 mg
LOGO cardizem SR 90 mg
LOGO | 009
LOGO | 013
LOGO | 019
LOGO | 022
LOGO | 023
LOGO | 024
LOGO | 025
LOGO | 027
LOGO | 029
LOGO | 031
LOGO | 051
LOGO | 06
LOGO | 10
LOGO | 10 CHEW
LOGO | 10 MG
LOGO | 101
LOGO | 12
LOGO | 121
LOGO | 128
LOGO | 129
LOGO | 143
LOGO | 155
LOGO | 2
LOGO | 2.5 CHEW
LOGO | 20
LOGO | 229
LOGO | 230
LOGO | 261
LOGO | 262
LOGO | 269
LOGO | 2771
LOGO | 2875
LOGO | 2876
LOGO | 358
LOGO | 3757
LOGO | 4
LOGO | 402
LOGO | 404
LOGO | 412
LOGO | 4142
LOGO | 416
LOGO | 473
LOGO | 475
LOGO | 5
LOGO | 5 CHEW
LOGO | 5 MG
LOGO | 50H
LOGO | 51H
LOGO | 52H
LOGO | 535 11
LOGO | 538
LOGO | 539
LOGO | 540
LOGO | 545
LOGO | 550
LOGO | 551
LOGO | 57
LOGO | 572
LOGO | 574
LOGO | 59
LOGO | 6
LOGO | 600
LOGO | 606
LOGO | 611
LOGO | 633
LOGO | 634
LOGO | 635
LOGO | 650
LOGO | 7
LOGO | 710
LOGO | 717
LOGO | 743
LOGO | 8
LOGO | 803
LOGO | 805
LOGO | 806
LOGO | 83
LOGO | 84
LOGO | 86
LOGO | 87
LOGO | 920
LOGO | 921
LOGO | AR
LOGO | AR 50
LOGO | B 50
LOGO | CDX 50
LOGO | CHEW EZ
LOGO | CR 250
LOGO | CR 500
LOGO | D2/1000
LOGO | D2/500
LOGO | D2/850
LOGO | D5
LOGO | EA
LOGO | EC
LOGO | ES
LOGO | ET
LOGO | F 5
LOGO | F5
LOGO | FI
LOGO | FO
LOGO | KERLONE 20
LOGO | M
LOGO | S 10
LOGO | SV 10
LOGO | SV 20
LOGO | SV 40
LOGO | SV 5
LOGO | SV 80
LOGO | TN 2
LOGO | V04
LOGO-067 LOGO-067
LOGO-069 LOGO-069
LOGO-073 LOGO-073
LOGO-076 LOGO-076
LOGO-077 LOGO-077
LOGO-2577 LOGO-2577
LOGO-2578 LOGO-2578
LOGO-2579 LOGO-2579
LOGO-2588 LOGO-2588
LOGO-2666 LOGO-2666
LOGO-2778 LOGO-2778
LOGO-2780 LOGO-2780
LOGO-2781 LOGO-2781
LOGO-3059 LOGO-3059
LOGO-3060 LOGO-3060
LOGO-3061 LOGO-3061
LOGO-665 LOGO-665
LOGO-666 LOGO-666
LOGO-667 LOGO-667
LOGO4030 LOGO4030
LONITEN 10
LOTENSIN HCT | 452 452
LOTENSIN HCT | 453 453
LOTENSIN HCT | 57 57
LOTENSIN HCT | 72 72
LOTENSIN HCT | 74 74
LOTENSIN HCT | 75 75
LOTENSIN | 10
LOTENSIN | 20
LOTENSIN | 40
LOTENSIN | 5
LOTREL 0364
LOTREL 0379
LOTREL 0384
LOTREL 2255
LOTREL 2260
LOTREL 2265
LOVAZA
LT
LU E12
LU E16
LU F11
LU Q03
LU | 10
LU | 20
LU | 5
LU | B 21
LU | B 22
LU | D11
LU | F02
LU | F03
LU | F04
LU | G01
LU | G02
LU | G03
LU | H02
LU | H03
LU | H12
LU | M41
LU | M42
LU | M43
LU | N01
LU | N03
LU | N04
LU | P12
LU | P13
LU | P14
LU | P15
LU | P21
LU | P23
LU | Q21
LU | Q22
LU | V12
LU | V13
LU | W21
LU | Y15
LU | Y16
LU | Y17
LU | Y18
LU | Y19
LU | Y20
LUPIN LUPIN CEFDINIR CEFDINIR
LUPIN RAMIPRIL 1.25mg
LUPIN RAMIPRIL 10mg
LUPIN RAMIPRIL 2.5mg
LUPIN RAMIPRIL 5mg
LUPIN | 10
LUPIN | 2.5
LUPIN | 20
LUPIN | 250
LUPIN | 30
LUPIN | 302
LUPIN | 303
LUPIN | 40
LUPIN | SUPRAX
Lactaid
Lederle K1 Lederle K1
Lederle K3 Lederle K3
Lederle M45 Lederle 50mg
Lederle M46 Lederle 100mg
Lederle P69 Lederle P69
Lederle P70 Lederle P70
Levall G
Lilly 135
Lilly 3004 90 mg
Lilly 3061 CECLOR 250 mg
Lilly 3062 Lilly 3062
Lilly 3144 AXID 150mg
Lilly 3145 AXID 300mg
Lilly 3210 10 mg
Lilly 3220 20 mg
Lilly 3227 10 mg
Lilly 3228 25 mg
Lilly 3229 40 mg
Lilly 3230 3/25
Lilly 3231 6/25
Lilly 3232 12/25
Lilly 3233 6/50
Lilly 3234 12/50
Lilly 3235 20mg
Lilly 3237 60mg
Lilly 3238 18 mg
Lilly 3239 60 mg
Lilly 3240 30mg
Lilly 3250 80 mg
Lilly 3270 60mg
Lilly DARVOCET-N 50
Lilly DARVON-N 100
Lilly H03 DARVON
Lilly H17 Lilly H17
Lilly H19 Lilly H19
Lodrane 24
Lofibra 134 mg Gate 323
Lofibra 200 mg Gate 324
Lofibra 67 mg Gate 322
Lopid | PD 737
Lusonex | WP 140
M 0.5 mg
M 019
M 030
M 0362
M 057
M 060
M 0661
M 0663
M 090
M 1
M 106
M 113
M 115
M 120
M 125
M 127
M 13
M 132
M 134
M 135
M 138 M 138
M 14
M 142
M 146
M 15
M 171
M 1743
M 1745
M 177
M 18
M 2
M 221
M 228
M 23
M 243
M 253
M 2540
M 255
M 261
M 27
M 28
M 29
M 3
M 30
M 30 | PF
M 31
M 312
M 313
M 318
M 32
M 33
M 35
M 350
M 352
M 355
M 36
M 361
M 37
M 38
M 39
M 4
M 40
M 400
M 407
M 41
M 411
M 412
M 414
M 42
M 424
M 434
M 4357
M 437
M 444
M 445
M 447
M 45
M 47
M 471
M 473
M 475
M 48
M 482
M 495
M 50
M 51
M 515
M 52
M 525
M 530
M 532 M 532
M 54 | 10
M 541
M 542
M 543
M 544
M 545
M 55
M 571
M 572
M 577
M 58 | 25
M 59 | 50
M 60 | PF
M 61 | 100
M 613
M 615
M 617
M 63
M 64
M 66
M 7 | LL
M 70
M 71
M 715
M 72
M 724
M 725
M 73
M 735
M 74
M 745
M 75
M 76
M 77
M 775
M 81
M 83
M 84
M 86
M 87 | W
M 89
M 8960 5 mg
M 8961 10 mg
M 8962 15 mg
M 93
M 943
M B2
M B7
M BU1
M C1
M C2
M C4
M C51
M C52
M C53
M CL1
M CL2
M D10
M D11
M D12
M D5
M D6
M D9
M E15
M E16
M E17
M E18
M E7
M E8
M F1
M F1 | G
M F2
M L 23
M L | 12
M L19
M L20
M L21
M MC2
M N3
M O 10
M O 5
M O17
M P3
M P4
M P5
M P9
M R7
M S23
M S24
M U12
M V4
M V5
M Z2
M | 024
M | 05 52
M | 10
M | 100
M | 100 MG
M | 144
M | 15
M | 151
M | 172
M | 1721
M | 173
M | 174
M | 1772
M | 2
M | 20
M | 200
M | 200 MG
M | 22
M | 231
M | 234
M | 24
M | 240
M | 25
M | 3
M | 30
M | 317
M | 321
M | 3358
M | 372
M | 373
M | 4
M | 443
M | 5
M | 501
M | 503
M | 523
M | 524
M | 53
M | 537
M | 57 55
M | 58 59
M | 593
M | 594
M | 595
M | 701
M | 702
M | 7171
M | 732
M | 734
M | 74
M | 751
M | 757
M | 771
M | 8
M | 80
M | 85 05
M | 9
M | 92
M | 97
M | A10
M | A2
M | A21
M | A22
M | A23
M | A24
M | A8
M | A9
M | C 13
M | C 14
M | C 15
M | C11
M | C17
M | C31
M | C32
M | C33
M | C34
M | C35
M | C37
M | D 24
M | D 32
M | EC 10
M | EC 20
M | EC5
M | F11
M | F12
M | F13
M | FE3
M | FE4
M | L 10
M | L 11
M | L 12
M | L 13
M | L 14
M | L 22
M | L 24
M | L 25
M | L 26
M | L 4
M | L 5
M | L 6
M | L 7
M | L 8
M | L 9
M | L H 1
M | L H 2
M | L H 3
M | L71
M | LC 300
M | MS 15
M | MS 30
M | MS 60
M | MT1
M | MT2
M | MT4
M | N 10
M | N 2
M | N 20
M | N 22
M | N 23
M | N 24
M | N 25
M | N 30
M | N 40
M | N 5
M | N 50
M | NE 17
M | NE 25
M | NE 60
M | P / T
M | P1
M | R
M | R11
M | R12
M | R13
M | R14
M | R5
M | T 7
M | T3
M | T4
M | T5
M | T6
M | V 1
M | V 2
M | V21
M | V22
M | V23
M | V24
M | V25
M-529 M-529
M. Amphet Salts 10 mg
M. Amphet Salts 20 mg
M. Amphet Salts 30 mg
M03 1.5 | MOVA
M04 3.0 | MOVA
M07 6.0 | MOVA
M1000
M122
M123
M15
M161 M161
M162 M162
M164
M357
M358
M359
M360
M363
M364
M365
M366
M367
M522 | 7.5/325
M523 | 10/325
M562
M582
M6
M6 | LL
M77
MACRODANTIN 100 mg 52427-288
MACRODANTIN 100mg 0149 0009
MACRODANTIN 25mg 0149 0007
MACRODANTIN 50 mg 52427-287
MACRODANTIN 50mg 0149 0008
MAG64
MARPLAN ROCHE
MATULANE sigma-tau
MAXALT | MRK 267
MAXAQUIN 400
MAXICHLOR DM
MAXIFED
MAXIFED DMX
MAXIFED G
MAXIFED | MCR 520
MAXIFED-DM | MCR 526
MAXIFED-G
MAXIFED-G | MCR 514
MAXIPHEN
MAXIPHEN ADT
MAXIPHEN DM
MAXZIDE | B M8
MAXZIDE | B M9
MD 561
MD 562
MD | 530
MD | 531
MD | 532
MD-20
MEDEVA | 017
MEDEVA | 030
MEDROL 16
MEDROL 2
MEDROL 32
MEDROL 4
MEDROL 8
MEGACE | 40
MELLARIL 100 | S
MELLARIL 25 | S
MELLARIL 50 | S
MEPHYTON | MSD 43
MERIDIA 10
MERIDIA 10mg
MERIDIA 15
MERIDIA 15mg
MERIDIA 5
MERIDIA 5mg
MERRELL 277
MERRELL 37
MES V 180
MESTINON 60 ICN
META
METHADOSE 10
METHADOSE 40
METHADOSE 5
MEVACOR | MSD 730
MEVACOR | MSD 732
MGI | 705
MH 1 | M
MH 2 | M
MH 3 | M
MH | 123
MIA 106
MIA 110
MIA | 116
MIA | 5
MICRO-K 10 Ther-Rx 009
MICRO-K Ther-Rx 010
MICRONASE 1.25
MICRONASE 2.5
MICRONASE 5
MICROZIDE 12.5 mg
MIDAMOR | MSD 92
MIDRIN
MINIPRESS PFIZER 431
MINIPRESS PFIZER 437
MINIPRESS PFIZER 438
MINOCYCLINE 100 DAN 5695
MINOCYCLINE 50 DAN 5694
MINOXIDIL 10 | PAR 257
MINOXIDIL 2 1/2 | PAR 256
MINTEZOL | MSD 907
MISSION | 610
MJ 021
MJ 503 | 50
MJ 504 | 25
MJ 595
MJ 778 | 50 50 50
MJ 796 | 100 100 100
MJ 824 | 10 10 10
ML 87
ML 91
ML | 11
ML-P16 | 1 mg
ML-P17 | 2 mg
ML-P18 | 4 mg
ML-P19 | 8 mg
MOBAN 10
MOBAN 25
MOBAN 5
MOBAN 50
MONODOX 100 M 259
MONODOX 50 M 260
MONODOX 75 M 075
MONOPRIL 10 | BMS
MOTRIN 400
MOTRIN 600
MOTRIN 800
MOTRIN IB
MOVA 25
MOVA | 100 M10
MOVA | 250 M25
MOVA | 375 M37
MOVA | 50 M05
MOVA | 500 M50
MOVA | M03 1.5
MOVA | M04 3.0
MOVA | M07 6.0
MP 10
MP 108
MP 112
MP 114
MP 116
MP 118
MP 12
MP 124
MP 13
MP 14
MP 146
MP 147
MP 148
MP 152
MP 153
MP 160
MP 168 | 25 25 50 50
MP 17
MP 177
MP 178
MP 183
MP 184
MP 185
MP 20
MP 25
MP 26
MP 27
MP 273
MP 28
MP 29
MP 303
MP 35
MP 37
MP 39
MP 392
MP 4
MP 40
MP 446
MP 45
MP 46
MP 47
MP 50
MP 500
MP 51
MP 511
MP 512
MP 513
MP 52
MP 53
MP 532
MP 542
MP 573
MP 58
MP 6
MP 65
MP 657
MP 658
MP 659
MP 66
MP 7
MP 71
MP 711
MP 717
MP 727
MP 737
MP 738
MP 751
MP 752
MP 753
MP 771
MP 772
MP 773
MP 79
MP 8
MP 80
MP 81
MP 83
MP 84 | 2.5
MP 85
MP 88
MP 89 | 10
MP 9
MP 91
MP 96
MPC 500
MPC 600
MPC | CITRACAL
MRK 117 | SINGULAIR
MRK 925 | LOGO
MRK | 266
MRK | 960
MSD 106
MSD 117 | SINGULAIR
MSD 14
MSD 140
MSD 140 | PRINZIDE
MSD 142 | PRINZIDE
MSD 19
MSD 207
MSD 25 INDOCIN
MSD 43 | MEPHYTON
MSD 50 INDOCIN
MSD 602 CUPRIMINE
MSD 626 | ZOCOR 5
MSD 712
MSD 713
MSD 714
MSD 720
MSD 726 | ZOCOR 5
MSD 731 | MEVACOR
MSD 735
MSD 749
MSD 917 | LOGO
MSD 963
MSD 964
MSD | 15
MSD | 173
MSD | 32
MT 20 McNEIL
MUCOFEN DM
MUTUAL 100 MUTUAL 100
MUTUAL 102 MUTUAL 102
MUTUAL 105 MUTUAL 105
MUTUAL 401 MUTUAL 401
MUTUAL 603 MUTUAL 603
MUTUAL 604 MUTUAL 604
MUTUAL 605 MUTUAL 605
MUTUAL 866 MUTUAL 866
MVC 150
MVC 300
MX 225
MX 97
MX32
MX33
MX9
MYCELEX 10
MYCOBUTIN PHARMACIA & UPJOHN
MYCOBUTIN Pharmacia & Upjohn
MYKROX | 1/2
MYLAN 1001 MYLAN 1001
MYLAN 1010 MYLAN 1010
MYLAN 102 MYLAN 102
MYLAN 1020 MYLAN 1020
MYLAN 1049 MYLAN 1049
MYLAN 106 | 250
MYLAN 1101 MYLAN 1101
MYLAN 1200 MYLAN 1200
MYLAN 129 MYLAN 129
MYLAN 1400 MYLAN 1400
MYLAN 1410 MYLAN 1410
MYLAN 143 MYLAN 143
MYLAN 1430 MYLAN 1430
MYLAN 147 MYLAN 147
MYLAN 148 MYLAN 148
MYLAN 152
MYLAN 1560 MYLAN 1560
MYLAN 1570 MYLAN 1570
MYLAN 1610 MYLAN 1610
MYLAN 162
MYLAN 1650 MYLAN 1650
MYLAN 1700 MYLAN 1700
MYLAN 186
MYLAN 197 | 100
MYLAN 199
MYLAN 2002 MYLAN 2002
MYLAN 2020 MYLAN 2020
MYLAN 210 | 250
MYLAN 2100 MYLAN 2100
MYLAN 214
MYLAN 2150 MYLAN 2150
MYLAN 216 | 40
MYLAN 217 | 250
MYLAN 2200 MYLAN 2200
MYLAN 2252 MYLAN 2252
MYLAN 2260 MYLAN 2260
MYLAN 2264 MYLAN 2264
MYLAN 2268 MYLAN 2268
MYLAN 2302 MYLAN 2302
MYLAN 232 | 80
MYLAN 2325 MYLAN 2325
MYLAN 2537 MYLAN 2537
MYLAN 257
MYLAN 271
MYLAN 3000 MYLAN 3000
MYLAN 3005 MYLAN 3005
MYLAN 3025 MYLAN 3025
MYLAN 3050 MYLAN 3050
MYLAN 3075 MYLAN 3075
MYLAN 3110 MYLAN 3110
MYLAN 3125 MYLAN 3125
MYLAN 3205 MYLAN 3205
MYLAN 3250 MYLAN 3250
MYLAN 327
MYLAN 334
MYLAN 3404 MYLAN 3404
MYLAN 3422 MYLAN 3422
MYLAN 345
MYLAN 347
MYLAN 351
MYLAN 4010 MYLAN 4010
MYLAN 4070 MYLAN 4070
MYLAN 4175 MYLAN 4175
MYLAN 4250 MYLAN 4250
MYLAN 4415 MYLAN 4415
MYLAN 4430 MYLAN 4430
MYLAN 457
MYLAN 477
MYLAN 5010 MYLAN 5010
MYLAN 5050 MYLAN 5050
MYLAN 512
MYLAN 5150 MYLAN 5150
MYLAN 5200 MYLAN 5200
MYLAN 5211 MYLAN 5211
MYLAN 5220
MYLAN 5222 MYLAN 5222
MYLAN 5280
MYLAN 5300 MYLAN 5300
MYLAN 531
MYLAN 5340 MYLAN 5340
MYLAN 5375 MYLAN 5375
MYLAN 551
MYLAN 5750 MYLAN 5750
MYLAN 6060 MYLAN 6060
MYLAN 6090 MYLAN 6090
MYLAN 6120 MYLAN 6120
MYLAN 6150 MYLAN 6150
MYLAN 6160 MYLAN 6160
MYLAN 6180 MYLAN 6180
MYLAN 6201 MYLAN 6201
MYLAN 6202 MYLAN 6202
MYLAN 6203 MYLAN 6203
MYLAN 6220 MYLAN 6220
MYLAN 6260 MYLAN 6260
MYLAN 6320 MYLAN 6320
MYLAN 6380 MYLAN 6380
MYLAN 6410 MYLAN 6410
MYLAN 6440 MYLAN 6440
MYLAN 6725 MYLAN 6725
MYLAN 6726 MYLAN 6726
MYLAN 6727 MYLAN 6727
MYLAN 6750 MYLAN 6750
MYLAN 6868 MYLAN 6868
MYLAN 7010 MYLAN 7010
MYLAN 7050 MYLAN 7050
MYLAN 7096 MYLAN 7096
MYLAN 7200 MYLAN 7200
MYLAN 7233 MYLAN 7233
MYLAN 7250 MYLAN 7250
MYLAN 731
MYLAN 7500 MYLAN 7500
MYLAN 772
MYLAN 777
MYLAN 8030 MYLAN 8030
MYLAN 810 MYLAN 810
MYLAN 8200 MYLAN 8200
MYLAN A
MYLAN A 4
MYLAN A1
MYLAN A3
MYLAN CE 15 MYLAN CE 15
MYLAN DE 30 MYLAN DE 30
MYLAN G1
MYLAN G2
MYLAN ZE 20 MYLAN ZE 20
MYLAN ZE 60 MYLAN ZE 60
MYLAN ZE 80 MYLAN ZE 80
MYLAN | 1155
MYLAN | 130
MYLAN | 155
MYLAN | 211
MYLAN | 237
MYLAN | 244
MYLAN | 277
MYLAN | 302
MYLAN | 357
MYLAN | 377
MYLAN | 421
MYLAN | 427
MYLAN | 451
MYLAN | 507
MYLAN | 555
MYLAN | 611
MYLAN | 711
MYLAN | 9 4
MYLAN | AAT 051
MYLAN | TH 2
MYLERAN K2A
MYSOLINE 250
MYSOLINE 250 | M
MYSOLINE 50 | M
Macrobid 52427-285
Macrobid Norwich Eaton
Maxidone 634
Maxifed DMX
McNEIL | TYLENOL CODEINE 3
McNEIL | TYLENOL CODEINE 4
Mexitil 150mg BI 66
Mexitil 200mg BI 67
Mexitil 250mg BI 68
Monopril 10 | BMS
Monopril 20 | BMS
Mucinex | 600
Mylan | 472
N 084 250
N 1 | LL
N 11
N 114 500
N 132 | 12.5
N 133
N 134 | 50
N 135 | 100
N 192 | 300
N 2
N 2 | N
N 2 | logo
N 204 | 400
N 305 | 800
N 342 | 1.25
N 343 | 2.5
N 344 | 5
N 350
N 397 300
N 544 | 150
N 548 | 150
N 550 | 50
N 551 | 100
N 552 | 200
N 590 | 1
N 593 | 2
N 596 | 4
N 598 | 8
N 716 500
N 739 150
N 740 200
N 741 250
N 77
N 8 | logo
N 815 400
N 894 150
N 899 300
N 940 200
N 943 | 400
N 947 | 800
N E | 406
N L | 330
N P | 14
N S1
N T4
N | 025
N | 1.5 034
N | 112
N | 20
N | 3
N | 3 035
N | 4
N | 50 mg
N | 50mg
N | 6
N | 6 036
N004
N006
N007
N008
N009
N010
N011
N020
N021
N022
N023
N029
N030
N111
N192 | 300
N2 | N
N204 | 400
N544 | 150
N547 | 300
NAT | 121
NAT | 123
NATCO 15
NATCO 30
NAVANE ROERIG 572
NAVANE ROERIG 573
NAVANE ROERIG 574
NAVANE ROERIG 577
NB-890
NC 100
NC 200
NC 300
NEURONTIN 600
NEURONTIN 800
NEXIUM 20mg
NICHE
NIMOTOP
NIZORAL | JANSSEN
NL 4
NL 620
NL 670
NL 680
NL 710
NL 711
NL 712
NL 753
NL4
NO | 4
NO | 8
NO12
NO13
NO14
NOLVADEX 600 | LOGO
NOLVADEX 604 | LOGO
NORCO 539
NORCO 729
NORMODYNE 100 | SCHERING 244
NORMODYNE 200 | SCHERING 752
NORMODYNE 300 | SCHERING 438
NOROXIN | MSD 705
NORPACE CR 100 mg SEARLE 2732
NORPACE CR 150mg SEARLE 2742
NORPRAMIN 100
NORPRAMIN 150
NORPRAMIN 25
NORPRAMIN 50
NORPRAMIN 75
NORTRIPTYLINE DAN 10 MG
NORTRIPTYLINE DAN 10 mg
NORTRIPTYLINE DAN 25 mg
NORTRIPTYLINE DAN 50 mg
NORTRIPTYLINE DAN 75 mg
NORVASC 10
NORVASC 5
NORVASC | 2.5
NP 1
NP 10
NP 2
NP 20
NP 5
NP | 11
NP | 12
NP | 14
NPR EC 500
NPR LE 250
NPR LE 375
NPR LE 500
NPS 550
NPS 550 | ROCHE
NRP104 20 mg
NRP104 30mg
NRP104 40 mg
NRP104 50 mg
NRP104 60 mg
NRP104 70 mg
NSR 25 | Pfizer
NSR 50 | Pfizer
NT 16
NT 26
NT1
NT6
NTO
NU-IRON 150 0291
NUMARK 1082
NVN2
NVR D10
NVR D15
NVR D20
NVR D25
NVR D30
NVR D35
NVR D40
NVR D5
NVR R10
NVR R20
NVR R30
NVR R40
NVR | CLL
NVR | CSF
NVR | CTI
NVR | CVI
NVR | CVV
NVR | D O
NVR | ECE
NVR | EH
NVR | HIL
NVR | HXH
NVR | IL
NVR | IU
NVR | LCI
NVR | LIL
NVR | LUF
NVR | OIO
NVR | SL
NVR | SNB
NVR | UIC
NVR | UIU
NVR | VCL
NVR | VDL
NVR | VEL
NVR | VFL
NVR | VHL
NVR | VIV
NVR | YIY
Neoral 100mg
Neoral 25mg
Neurontin 100 mg LOGO
Neurontin 300 mg LOGO
Neurontin 400 mg LOGO
Noroxin | MSD 705
NyQuil
O-IR PF 5 mg
O-M | 100
O-M | 50
O-M | 650
O-M | 75
OC | 15
OC | 160
OC | 20
OC | 30
OC | 40
OC | 60
OC | 80
OCEANSIDE 302
OHM 010
OMACOR
OME 10 OME 10
OME 20 OME 20
OME 40 OME 40
OMEPRAZOLE 20 mg R 158
OMEPRAZOLE 20 mg R158
OMEPRAZOLE 40 mg R159
OMEPRAZOLE 40 mg R645
OMJ 100
OMJ 150
OMJ 200
OMJ 250
OMJ 50
OMN | 50
OMNICEF 300mg LOGO
OMP 20
OP 697
OP 700
OP 701
OP 702
OP 703
OP 704
OP 706
OP 707
OP 718
OP 719
OP 720
OP | 10
OP | 15
OP | 20
OP | 30
OP | 40
OP | 60
OP | 80
OPI 409
OR 606
ORAP 1
ORAP 2 | LEMMON
ORETIC | LOGO
ORINASE 500
ORUVAIL 100
ORUVAIL 150
ORUVAIL 200
OS 301
OS 302
OS 303
OS 304
OV 31 | T
OV 32 | T
OV 33 | T
OV 44
OV 45
OV | 12
Organon | TZ3 TZ3
Organon | TZ5 TZ5
Ortho 214
P
P & G | 402
P 02
P 054
P 10
P 10 | JANSSEN
P 11
P 20
P 20 | JANSSEN
P 200 | U-S 0147
P 240
P 241
P 242
P 25
P 3
P 325
P 40
P 41
P 412
P 413
P 421
P 50
P 60
P 75
P 771
P 80
P 97 | W
P 984
P 985
P F | MI 15
P F | MI 30
P F | T 1000
P F | T 500
P F | T 750
P F | U 200
P F | U 400
P F | U 600
P L | 250
P L | 500
P P | 12 12
P P | 2 2
P P | 4 4
P P | 8 8
P U | 700
P | 1
P | 15
P | 204
P | 205
P | 212
P | 250
P | 311
P | 315
P | 401
P | 402
P | 403
P | 425
P | 500
P | 750
P | US 144
P-0
P-002
P-D 007
P-D 237
P-D 365 P-D 365
P-D 525 P-D 525
P-O
P-T | 500
P1
P10
P125 | 250
P126 | 500
P2
P2 | M
P20
P251
P4
P40
P5
P500
P51
P525
P58
PA 546
PA 547 | 547
PA 915
PA 916
PA 917
PA 918
PA | 08
PA | 308
PA1
PA1000
PA140
PA2
PA20
PA4
PA46
PA83
PAD 0106
PAD 0107
PAD 0115
PAD 0116
PAD 0180
PAD 0181
PAD 195
PAD | 145
PAL 0016
PAL 1.5
PAL | 07 59
PAL | 0762
PAL | 0768
PAL | 0792
PAL | 4
PALI 3
PALI 6
PALI 9
PAMELOR 10mg SANDOZ
PAMELOR 25mg SANDOZ
PAMELOR 50mg SANDOZ
PAMELOR 75mg SANDOZ
PAMINE
PAR 027
PAR 028
PAR 029
PAR 061
PAR 062
PAR 064
PAR 076
PAR 121
PAR 282
PAR 289
PAR 328 PAR 328
PAR 330 PAR 330
PAR 400 | 684
PAR 468
PAR 654 | 100
PAR 701
PAR 821
PAR 822
PAR 823
PAR 867
PAR 868
PAR 869
PAR 876
PAR 877
PAR 878
PAR 879
PAR | 034
PAR | 035
PAR | 243
PAR | 557
PAR | 558
PAR | 559
PARAFON FORTE DSC | McNEIL
PARLODEL 2 1/2
PARLODEL 5 mg LOGO
PARNATE SB
PATR | R 1
PATR | R 2
PATR | R 3
PATR | R 4
PATR | Ris 0.25
PATR | Ris 0.5
PAXIL CR | 12.5
PAXIL CR | 25
PAXIL CR | 37.5
PAXIL | 1 0
PAXIL | 2 0
PAXIL | 30
PAXIL | 40
PC 22
PD 155 | 10
PD 156 | 20
PD 157 | 40
PD 158 | 80
PD 220
PD 222
PD 223
PD 270
PD 527 | 5
PD 530 | 10
PD 532 | 20
PD 535 | 40
PD Dilantin 30 mg
PE 316
PE 614
PE 616
PE 669
PE 715
PE 805
PE 822
PE 826
PE 827
PENTASA 250 mg 2010
PENTASA 250mg LOGO | 2010
PENTASA 500mg LOGO
PEPCID | MSD 963
PEPCID | MSD 964
PEPTO BISMOL
PERCOCET 5
PERCOCET | 10
PERCOCET | 10/325
PERCOCET | 2.5
PERCOCET | 7.5
PERCOCET | 7.5/325
PERCODAN
PERIACTIN | MSD 62
PF | M 15
PF | M 200
PFIZER 099 | VIBRA-TAB
PFIZER 393
PFIZER 394
PFIZER 396 PFIZER 396
PFIZER 397 PFIZER 397
PFIZER 398 PFIZER 398
PFIZER 399 PFIZER 399
PFIZER 411
PFIZER 412
PFIZER | 306
PFIZER | RVT 20
PFIZER | VGR 100
PFIZER | VGR 25
PFIZER | VGR 50
PFIZER | VOR 200
PFIZER | VOR 50
PFIZER | ZTM500
PG 800
PH 073
PIO | 30
PIO | 45
PL  ZID | 300
PL 500
PL 875
PL AT8
PL OND | 4
PL OND | 8
PL PCR | 37.5
PLAQUENIL
PLENDIL | 450
PLENDIL | 451
PLENDIL | 452
PLETAL 100
PLETAL 50
PLI 001
PLIVA 323
PLIVA 324
PLIVA 325
PLIVA 326
PLIVA 327
PLIVA 328
PLIVA 333
PLIVA 334
PLIVA 362
PLIVA 364
PLIVA 372
PLIVA 373
PLIVA 375 mg
PLIVA 390
PLIVA 391
PLIVA 393
PLIVA 394
PLIVA 395
PLIVA 397
PLIVA 398
PLIVA 430
PLIVA 433
PLIVA 434
PLIVA 441 | 50 50 50
PLIVA 456
PLIVA 459
PLIVA 467
PLIVA 468
PLIVA 469
PLIVA 470
PLIVA 471
PLIVA 474
PLIVA 482
PLIVA 483
PLIVA 517
PLIVA 518
PLIVA 528
PLIVA 529
PLIVA 530
PLIVA 616
PLIVA 647 PLIVA 647
PLIVA 648
PLIVA | 563
POLY 500
POLY 716
POT 10
POT 20
POT 30
POT 40
PP 100
PP 200
PP 300
PPP 431
PPP 438
PPP 757 PPP 757
PPP 775
PPP 784 DURICEF 500mg
PPP 785
PPP 877
PPP 956
PRASCO 008
PRASCO 009
PRAVACHOL 10 | P
PRAVACHOL 20 | P
PRAVACHOL 40 | P
PRECOSE 100
PRECOSE 50
PRECOSE | 25
PREMARIN 0.3
PREMARIN 0.45
PREMARIN 0.625
PREMARIN 0.9
PREMARIN 1.25
PREMARIN 2.5
PREVACID 15 TAP
PREVACID 30 TAP
PRILOSEC 40 743
PRINIVIL | MSD 106
PRINIVIL | MSD 19
PRINIVIL | MSD 207
PRINIVIL | MSD 237
PRINZIDE | MSD 145
PRO DM
PROCANBID 500
PROCANBID | 1000
PROCARDIA 20 PFIZER 261
PROCARDIA PFIZER 260
PROCARDIA XL 30
PROCARDIA XL 60
PROCARDIA XL 90
PROFEN FORTE DM | 316
PROFEN FORTE | 315
PROFEN II
PROLOPRIM 09A
PROMACET | MCR 524
PROPECIA | P
PROSCAR | MSD 72
PROSED DS
PROSED DS LOGO
PROSTIGMIN 15 | ICN
PROTONIX
PROVERA 10
PROVERA 2.5
PROVERA 5
PROVIGIL | 100 MG
PROVIGIL | 100mg
PROVIGIL | 200 MG
PROVIGIL | 200mg
PROZAC 10
PS20
PURINETHOL 04A
PVK 250 | GG 949
PX
PX 1
PX 2
PX 3
PX 4
Pancrease MT 10 McNEIL
Pancrease MT 16 McNEIL
Pancrease MT 20 McNEIL
Pancrease MT 4 McNEIL
Pancrease McNEIL
Par 164
Par 165
Par 166
Par 290
Par 544
Par 545
Par C209
Par C210
Par | 561
Par | 562
Par | 563
Par | 564
Par | 604
Par | 605
Pfizer PGN 150
Pfizer PGN 200
Pfizer PGN 225
Pfizer PGN 25
Pfizer PGN 300
Pfizer PGN 50
Pfizer PGN 75
Pfizer STN 12.5mg
Pfizer STN 50mg
Pfizer TKN 125
Pfizer TKN 250
Pfizer TKN 500
Pfizer | CDT 252
Pfizer | JKI 5
Pfizer | MVC 300
Pfizer | REP 20
Pharmcia & Upjohn EMCYT 140mg
PhosLo 667mg
PreNexa
Purdue 200 mg
Q | 100
QD 111
QD 112
R 0.50 | 1036
R 1 | 1037
R 1 | JANSSEN
R 15 | 0167
R 150
R 179
R 2 | 1038
R 20 | 0168
R 3 | 1039
R 4 | 1040
R 497
R 5
R 5 | 0164
R 530
R B | 4 8
R DY | 546
R DY | 549
R | 026
R | 028
R | 126
R | 127
R | 128
R | 153
R | 154
R | 156
R | 160
R | 161
R | 162
R | 171
R | 172
R | 196
R | 23
R | 533
R | 534
R | 625
R | 626
R | 7
R | 8
R0.5
R1
R12
R150
R179
R180
R25
R333
R428
R50
R719
RAPAMUNE 1 mg
RAPAMUNE 1MG
RAPAMUNE 2mg
RB 80
RC 3
RC 4
RC17
RC25
RC26
RCC GPE
RD 13
RD 540 PONSTEL
RD Y | 248
RDY 256
RDY 257
RDY 258
RDY 259
RDY 288
RDY 310
RDY 311
RDY 338
RDY 339
RDY 340
RDY 341
RDY 343
RDY 344
RDY 355
RDY 398
RDY 399
RDY 402
RDY 403
RDY 586
RDY | 1 81
RDY | 1 82
RDY | 122
RDY | 123
RDY | 124
RDY | 197
RDY | 198
RDY | 199
RDY | 200
RDY | 22 0
RDY | 22 1
RDY | 22 2
RDY | 22 3
RDY | 229
RDY | 230
RDY | 231
RDY | 250
RDY | 268
RDY | 273
RDY | 274
RDY | 279
RDY | 280
RDY | 281
RDY | 291
RDY | 292
RDY | 3 20
RDY | 3 21
RDY | 3 22
RDY | 328
RDY | 329
RDY | 351
RDY | 422
RDY | 552
RDY | 553
RDY | 572
RDY663 1 mcg
RDY664 2 mcg
RE 20
RE 21
RE 22
RE 23
RE 24
RE 251
RE 369 RE 369
RE 75
RE 76
RE 79
RE | 19
RE20
REBETOL LOGO 200 mg
REGLAN 5 | SP
REGLAN | SP 10
REL 900
REL900
RELAFEN | 500
RELAFEN | 750
RENAGEL 400
RENAGEL 800
RENVELA 800
REP 40 | Pfizer
RESCON JR
RESCON JR RESCON JR
RESCON RESCON
RESCRIPTOR 200mg
RESPA 087
RESPA 78
RESPA 789
RESTORIL 15 mg FOR SLEEP M
RESTORIL 15mg FOR SLEEP LOGO
RESTORIL 22.5 mg FOR SLEEP M
RESTORIL 30 mg FOR SLEEP M
RESTORIL 30mg FOR SLEEP LOGO
RESTORIL 7.5 mg FOR SLEEP M
RESTORIL 7.5mg RESTORIL 7.5mg FOR SLEEP LOGO
RF 11
RF 27
RF10
RH 046
RH405 LOGO 130
RI6
RI91
RIB 200 | ROCHE
RIBAVIRIN 200 mg GG 608
RIDAURA RIDAURA
RIFADIN 150
RIFADIN 300 RIFADIN 300
RIFAMATE RIFAMATE
RLC | N 1
RLC | N 150
RLC | N 3
RN10
ROBAXIN 500 | SP
ROBAXIN 750 | AHR
ROBAXIN 750 | SP
ROBAXIN AHR
ROBERTS 063
ROBERTS 064
ROCALTROL 0.25
ROCALTROL 0.25 ROCHE
ROCALTROL 0.5 ROCHE
ROCHE 0245 ROCHE 0245
ROCHE 75 mg
RP 1.25 LOGO
RP 111
RP 700 SECTRAL 200
RP 701 SECTRAL 400
RP102
RP105
RPC 052
RPC 053 RPC 053
RPC 10 | 007
RPC 2.5 | 003
RPC 5.0 | 004
RPR 202
RSJ NT2
RSN | 5mg
RX 12
RX 131
RX 176
RX 496
RX 497
RX 498
RX 504
RX 505
RX 509
RX 515
RX 520
RX 521
RX 526
RX 532
RX 533
RX 534
RX 535
RX 553
RX 554
RX 560
RX 561 | 4
RX 562 | 3
RX 599
RX 7
RX 709
RX 710
RX 711
RX 713
RX 725
RX 726
RX 751
RX 752
RX 754
RX 760
RX 761
RX 763
RX 773
RX 774
RX 777
RX 794
RX 795
RX 804
RX 805
RX 806
RX 828
RX 829
RX 830
RX 900
RX 901
RX 904
RX 905
RX 920
RX | 11
RX124
RX125
RX126
RX132
RX5
RX549
RX550
RX551
RX565
RX567
RX632  RX632
RX636 RX636
RX637 RX637
RX652 RX652
RX654 RX654
RX655 RX655
RX656 RX656
RX657 RX657
RX658 RX658
RX659 RX659
RX679 RX679
RX681 RX681
RX682 RX682
RX692 RX692
RX693 RX693
RX694 RX694
RX695 RX695
RX696 RX696
RX715
RX716
RX717
RX776
RX793
RX796
RYNATAN 707
RYNATAN 712
Rifampin 150 VP/015
Rifampin 300 VP/018
Roche | CellCept 500
S
S 111
S 12 | 4 30
S 180
S 370
S 4
S 5
S 521
S 6
S 660
S 700
S 820
S 821
S 90 3
S 900
S 901
S 902
S A | NVR
S G | 1 00
S G | 1 07
S P | 720
S SANDOZ 572
S SANDOZ 573
S SANDOZ 574
S Z | 17 4
S Z | 17 5
S Z | 17 6
S Z | 17 7
S | 342
S | 5
S | 707
S | 710
S | 711
S | 712
S1
S190
S191
S193
S20
S21
S251 S
S252 S
S253 S
S405 1000
S405 250
S405 500
S405 750
S476
SAL | 5
SAL | 7.5
SAL | 725
SAN 60
SANDOZ 572
SANDOZ 573
SANDOZ 574
SANDOZ 576
SANDOZ 619
SANDOZ 620
SANDOZ 625
SANDOZ | 78-54
SANKYO C01
SANKYO | C14
SANKYO | C15
SAT | 901
SAT | 902
SB 4140 | SB 4140
SB 4141 | SB 4141
SB 4142 | SB 4142
SB 5500
SB | 2
SB | 39
SB | 4
SB | 8
SC | LOGO
SC | p
SCHEIN 2137/800
SCHERING 525 SCHERING 525
SCHERING | 080
SCHWARZ 2489 VERELAN 180 mg
SCHWARZ 2490 VERELAN 120 mg
SCHWARZ 2491 VERELAN 240 mg
SCHWARZ 2495 VERELAN 360 mg
SCHWARZ 4085 100 mg
SCHWARZ 4086 200 mg
SCHWARZ 4087 300 mg
SCHWARZ 4122
SCHWARZ 4175
SCHWARZ 525
SCHWARZ 537
SCHWARZ 610 | 10
SCHWARZ 9020
SCHWARZ | 531
SCHWARZ | 532
SCI 500
SCI 501
SCI 502
SCI 503
SCI | 1004
SCI | 1006
SCI | 1007
SCI | 4
SCU1
SDF 20
SEARLE 1031 | ALDACTONE 100
SEARLE 1411 | A A A A 50
SEARLE 1461
SEARLE 1461 | LOGO
SEARLE 2752 NORPACE 100 MG
SEARLE 2762 NORPACE 150 MG
SEARLE | 61
SEMPREX-D 404
SEPTRA DS 02C
SEPTRA DS M053
SEPTRA Y2B
SEROQUEL 100
SEROQUEL 200
SEROQUEL 25
SEROQUEL 50
SEROQUEL | 300
SEROQUEL | 400
SG | 105
SG | 106
SINEMET CR | 521
SINEMET CR | 601
SINEMET | 647
SINEMET | 650
SINEQUAN ROERIG 534
SINEQUAN ROERIG 535
SINEQUAN ROERIG 536
SINEQUAN ROERIG 537
SINEQUAN ROERIG 538
SINEQUAN ROERIG 539
SINGULAIR | MRK 275
SINGULAIR | MRK 711
SJ 638
SJ 641
SJ 642
SJ 647
SJP 226
SKF C66
SKF C67
SKF E19
SKF E33 SKF E33
SKF J10
SKF S04
SKF S06
SKF T76
SKF T77
SL 125
SL 332
SL 362
SL 363
SL 372
SL 373
SL 433
SL 434
SL 459
SL 471
SL 482
SL 500
SL 517
SL 523
SL 524
SL 609
SL 621
SL 750
SL SL | 400
SL | 437
SL | 82
SLV | 300
SLV | 600
SLX 102
SOLVAY 1023
SOLVAY 1026
SOLVAY 1205
SOLVAY 1210
SOLVAY 1220
SOLVAY 4202
SOLVAY 4205
SOLVAY 4210
SOLVAY | 4492
SOLVAY | 5044
SOLVAY | 5147
SOLVAY | 5150
SOMA 250
SOMA C | WALLACE 2103
SOMA CC | WALLACE 2403
SOMERSET ELDEPRYL 5mg
SORIATANE 10 ROCHE SORIATANE 10 ROCHE
SORIATANE 10mg SORIATANE 10mg
SORIATANE 25 ROCHE SORIATANE 25 ROCHE
SORIATANE 25mg SORIATANE 25mg
SP 111
SP 15 | 715
SP 2164 | 750mg
SP 22
SP 287
SP 313
SP 321 | 0.25
SP 322 | 0.5
SP 323 | 1
SP 324 | 2
SP 341 | 10 100
SP 342 | 25 100
SP 343 | 25 250
SP 431
SP 538
SP 598
SP 7.5 | 707
SP 705
SP 940
SP | 100
SP | 150
SP | 200
SP | 3
SP | 50
SP | 6
SP | REGLAN 5
SPD 417 SPD 417 300mg
SPD417 SPD417 100mg
SPD417 SPD417 200mg
SPD417 SPD417 300mg
SPI
SQUIBB 429
SQUIBB 537
SQUIBB 580
SQUIBB 603
SQUIBB 663
SQUIBB 690
SQUIBB 763 SQUIBB 763
SQUIBB W048 SQUIBB W048
SQUIBB W058 SQUIBB W0528
SQUIBB W058 SQUIBB W058
SQV 500 | ROCHE
SR 089 SR 089
SR 120 | CALAN
SR 200
SR 300
SR 300 | 3M
SR 375
SR 400
SS
ST | LOGO LOGO
STAGESIC
STAMOIST E
STARLIX | 120
STARLIX | 60
STIEFEL | 73 40
STIEFEL | 7339
STJ
SUDAL 60 | AP
SUDAL DM | AP
SUDAL SR | A P
SUPRAX | LL 400
SUSTIVA 100 mg
SUSTIVA 200 mg
SUSTIVA 50 mg
SUSTIVA | SUSTIVA
SV
SV 572 | 50
SV2
SVT | 80
SX
SYMAX | DUOTAB
SYMMETREL
SYNTHO | 230
SYNTHO | 231
SYNTHROID | 100
SYNTHROID | 112
SYNTHROID | 125
SYNTHROID | 137
SYNTHROID | 150
SYNTHROID | 175
SYNTHROID | 200
SYNTHROID | 25
SYNTHROID | 300
SYNTHROID | 50
SYNTHROID | 75
SYNTHROID | 88
SYPRINE MSD 661
SZ 106
SZ 183
SZ 203
SZ 225
SZ 246 | 45
SZ 344
SZ 438
SZ 439
SZ 465
SZ 466
SZ 467
SZ 469
SZ 74
SZ 76
SZ 780
SZ 787
SZ 788
SZ 912
SZ 985
SZ 986
SZ 987
SZ | 104
SZ | 106
SZ | 12
SZ | 133
SZ | 16
SZ | 173
SZ | 212
SZ | 231
SZ | 232
SZ | 393
SZ | 394
SZ | 783
SZ | 789
SZ | 790
SZ | 906
SZ137
Sandoz 663 Sandoz 663
Sanofi 460
Sarafem 10mg
Sarafem 20mg
Shire CARBATROL 100mg
Shire CARBATROL 200mg
Shire CARBATROL 300mg
Slow-K
Sta/flex
Star Imprint
T
T 100
T 109
T 150
T 25
T 3
T 37 | Winthrop
T 4 | 100
T 4 | 125
T 4 | 175
T 4 | 200
T 4 | 50
T 4 | 75
T 45
T 46
T 47
T 500
T 51 | W
T 52
T 53
T 57
T 600
T 88
T M | 250
T ROCHE | T TORADOL
T TORADOL | T ROCHE
T V | 74 31
T Z 7 | Organon
T | 107
T | 11
T | 12
T | 13
T | 200 mg
T | 200mg
T | 800
T1 200
T11 | NVR
T2 200
T200
T26
T29
T400
TA | LOGO
TAGAMET 300 SB
TAGAMET 400 SB | TAGAMET 400 SB
TAGAMET 800 SB | TAGAMET 800 SB
TAK RAM-8
TAO ROERIG 159
TAP 30
TAP 60
TAP PREVACID 15
TAP PREVACID 30
TAP | 40
TAP | 80
TARKA (previous marking) | 182
TARKA (previous marking) | 241
TARKA (previous marking) | 242
TARKA (previous marking) | 244
TARO 11
TARO 16
TARO 25
TARO 50
TARO 56
TARO 59
TARO 75
TARO NTP25
TARO PHN 100 TARO PHN 100
TARO | 89
TARO | LMT 100
TARO | LMT 150
TARO | LMT 200
TARO | LMT 25
TASMAR 100 | ROCHE
TASMAR 100 | V
TASMAR 200 | ROCHE
TC | LOGO
TCL 003
TCL 011
TCL 016
TCL 019
TCL 022
TCL 023
TCL 038
TCL 080
TCL 081
TCL 093
TCL 097
TCL 1221
TCL 1222
TCL 1223
TCL 131
TCL 224
TCL 280
TCL 355
TCL1223
TCR 1
TE | LOGO
TEGRETOL | 27 27
TEGRETOL | 52 52
TEMAZEPAM 7.5 mg 271 Cp
TEMODAR 140 mg LOGO
TEMOZOLOMIDE LOGO 100 mg
TEMOZOLOMIDE LOGO 20 mg
TEMOZOLOMIDE LOGO 250 mg
TEMOZOLOMIDE LOGO 5 mg
TENEX | 2 RP
TENEX | AHR 1
TENEX | AHR 2
TENEX | RP
TENORETIC | 115
TENORETIC | 117
TENORMIN | 101
TENORMIN | 105
TENUATE 25
TENUATE 75
TEVA 10mg 0810
TEVA 1136
TEVA 1138
TEVA 2049 TEVA 2049
TEVA 2050 TEVA 2050
TEVA 2080
TEVA 25mg TEVA 0811
TEVA 3165
TEVA 3167
TEVA 4029
TEVA 4030
TEVA 4068
TEVA 50mg 0812
TEVA 5346
TEVA 5347
TEVA 5348
TEVA 5503
TEVA 5504
TEVA 5505
TEVA 5551
TEVA 5552
TEVA 5554
TEVA 5562
TEVA 7165
TEVA 7166
TEVA 7170
TEVA 7306
TEVA 7334
TEVA 7336
TEVA 7442
TEVA 7443
TEVA 7542
TEVA 7543
TEVA 7544
TEVA 75mg 0813
TEVA 7670
TEVA 7671
TEVA | 149
TEVA | 2083
TEVA | 2089
TEVA | 22 10
TEVA | 2203
TEVA | 2662
TEVA | 3925
TEVA | 3927
TEVA | 4366
TEVA | 5311
TEVA | 5312
TEVA | 5313
TEVA | 54
TEVA | 5517
TEVA | 5728
TEVA | 5729
TEVA | 576
TEVA | 5767
TEVA | 5768
TEVA | 5769
TEVA | 5770
TEVA | 5771
TEVA | 5786
TEVA | 5787
TEVA | 7201
TEVA | 7202
TEVA | 7230
TEVA | 7231
TEVA | 7238
TEVA | 7239
TEVA | 7270
TEVA | 7291
TEVA | 7292
TEVA | 7293
TEVA | 738
TEVA | 739
TEVA | 74
TEVA | 7433
TEVA | 7434
TEVA | 7464
TEVA | 7465
TEVA | 7466
TEVA | 753
TEVA | 771
TEVA | 926
TEVA | 928
TEVA | 93 293
TEVA | A10
TEVA | B1
TF TF | CG CG
TH 1 | MYLAN
TH1
TH1M
TH2M
TH3M
THEO-DUR 100
THEO-DUR 200
THEO-DUR 300
THEOLAIR 250 | 3M
THIS END UP DEPAKOTE SPRINKLE 125mg
THIS END UP RDY 532
TIGAN M079
TIGAN M186
TIGAN ROBERTS 186
TIGAN ROBERTS 187
TL
TL 001
TL 002
TL 003
TL 015
TL 113
TL 115
TL 121
TL 122
TL 127
TL 177
TL 211
TL 382 TL 382
TL 383 TL 383
TL 384 TL 384
TL 385 TL 385
TL 386 TL 386
TL 50 | G
TL | 10
TL | 20
TL | 5
TL001
TL020
TL115
TM | 500
TMC | 150
TMC | 25
TMC | 400
TMC | 75
TMC114 | 300
TMC125 | 100
TMC435 150
TML 0.4 TML 0.4
TN 129
TN 4 | LOGO
TO
TO 60
TOFRANIL-PM 100mg M
TOFRANIL-PM 125mg M
TOFRANIL-PM 150mg M
TOFRANIL-PM 75mg M
TOLECTIN 600 McNEIL
TOLECTIN DS McNEIL
TOLINASE 100
TOLINASE 250
TOLINASE 500
TOP 15 mg
TOP 25 mg
TOP | 25
TOPAMAX | 100
TOPAMAX | 200
TOPAMAX | 50
TOURO ALLERGY
TOURO LA | DP 636
TP | 10 300
TP | 5 300
TP | 7.5 300
TPV 250
TR
TR 150 | 3M
TR 50 | APO
TRANDATE 100
TRANDATE 200
TRANDATE 300
TRENTAL | HOECHST
TREXIMET
TREZIX
TSL 0.4
TUSSIGON | dp 082
TV 150 | 3
TV 53
TV A18
TV A19
TV TV | L2 L2
TV U1 | 5
TV U2 | 10
TV U7 | 15
TV | 135
TV | 2204
TV | 4096
TV | 4097
TV | 7037
TV | 7038
TV | 7154
TV | 7155
TV | 7314
TV | 7426
TV | 7432
TV | 7569
TV | 7580
TV | 7581
TV | 7582
TV | 7583
TV | 7613
TV | 7807
TV | 7809
TV | 7810
TV | J2
TV | J3
TV | J4
TV | J5
TV/7795
TV/7796
TY 80
TYLENOL CODEINE 3 | McNEIL
TYLENOL ER
TYLENOL FLU
TYLENOL | 325
TYLOX McNEIL TYLOX McNEIL
TZ 1
Tandem OB USUSUSUS/USUSUSUS
Tandem-Plus USUSUSUS/USUSUSUS
Targretin
Theo-24 100 mg ucb 2832
Theo-24 200 mg ucb 2842
Theo-24 300 mg ucb 2852
Theo-24 400 mg ucb 2902
Tiazac 120 Tiazac 120
Tiazac 180 Tiazac 180
Tiazac 240 Tiazac 240
Tiazac 300 Tiazac 300
Tiazac 360 Tiazac 360
Tiazac 420 Tiazac 420
Ticlid | 250
U
U 121 | 2 1/2
U 128
U 129
U 130
U 132
U 169
U 3617
U 3618
U 3761
U 3772 | U 3772
U 3773 | U 3773
U 3774 | U 3774
U 400 | P F
U 785
U 786
U 787
U L | 15
U L | 7.5
U S | 10
U U | 113
U U | 37 37
U U | 4 4
U U | 8 8
U | 2
U-S 027
U-S 181
U-S 182
U-S | 0.5
U-S | 1
U-S | 100
U-S | 2
U-S | 200
U-S | 25
U-S | 50
U-S | CMZ 200
U27
U30
U31
U39
UCB 500
UCB 500XR
UCB 579 10 mg
UCB 580 20mg
UCB 581 30mg
UCB 582 40mg
UCB 583 50mg
UCB 584 60mg
UCB 750XR
UL 125
UL 250
UL 500
UL | 10
UL | 5 5
UL | I I
UL | I I I
UL | l
ULTRAM | 06 59
ULTRASE
ULTRASE MT 12
ULTRASE MT 18
ULTRASE MT 20
UM
UPSHER-SMITH 0084 60mg
UPSHER-SMITH 0085 80mg
UPSHER-SMITH 0226 20 mg
UPSHER-SMITH 0227 30 mg
UPSHER-SMITH 0228 50 mg
UPSHER-SMITH 0229 60 mg
UPSHER-SMITH 0230 80 mg
UPSHER-SMITH 100 mg
UREX | VP
URISPAS
URISPAS SKF
URO-MAG
URS 785
URS 790
URS790
US 10
US 10 | 213
US 2.5 | 211
US 20
US 440
US 5 | 212
US 67 | 500
US US
USB 001
USL 10
USL 8
USL 80 USL 80
V 0282
V 150
V 16 | 9116
V 2732
V 3109
V 3566
V 375
V 4206
V 4832
V V | 37 44
V | 05 00
V | 2090
V | 2101
V | 2102
V | 2103
V | 2108
V | 2109
V | 2110
V | 22 65
V | 22 66
V | 23 25
V | 23 26
V | 23 27
V | 25 41
V | 25 42
V | 25 43
V | 2530
V | 2531
V | 2631
V | 2632
V | 2683
V | 2684
V | 31 62
V | 31 80
V | 31 81
V | 35 78
V | 35 79
V | 35 84
V | 35 95
V | 35 98
V | 3580
V | 3585
V | 36 05
V | 3604
V | 3605
V | 3615
V | 3616
V | 3617
V | 37 97
V | 37 98
V | 3972
V | 3973
V | 4
V | 4007
V | 4008
V | 4009
V | 42 35
V | 4209
V | 4214
V | 4234
V | 48 10
V | 48 11
V | 4812
V | 4827
V | 4941
V | 4942
V | 50 84
V | 50 85
V | 50 92
V | 51 30
V | 51 31
V | 51 37
V | 51 38
V | 5136
V | 54 82
V | 54 83
V | 54 84
V | 54 86
V | 5683
V | 5684
V | 5685
V | 5686
V | 5687
V | 5688
V | 58 75
V | 58 76
V | 58 77
V | 58 81
V | 58 82
V | 5880
V | 5897
V | 60 98
V | 61 48
V | 61 50
V | 61 51
V | 61 60
V | 625
V | 6468
V | 6469
V | 8
V | TASMAK 200
V3805
VALEANT BONTRIL 105
VALIUM 10 | ROCHE ROCHE
VALIUM 2 | ROCHE ROCHE
VALIUM 5 | ROCHE ROCHE
VALPROIC 250-0364
VALTREX 500mg
VASCEPA
VASERETIC | MSD 720
VASOTEC | MSD 14
VASOTEC | MSD 712
VASOTEC | MSD 713
VASOTEC | MSD 714
VERMOX
VESANOID 10 ROCHE
VGC | 450
VGR 25 | PFIZER
VIBRA PFIZER 094
VIBRA PFIZER 095
VICODIN
VICODIN ES
VICODIN ES | 7.5 300
VICODIN HP
VICODIN HP | 10 300
VICODIN | 5 300
VIDEX | 100
VIDEX | 150
VIDEX | 200
VIDEX | 25
VIDEX | 50
VIO9111 | 9111
VIOKASE | 9111
VIRACEPT | 250mg
VIRAVAN DM
VISTARIL PFIZER 541
VISTARIL PFIZER 542
VISTARIL PFIZER 543
VOLMAX | 4
VOLMAX | 8
VOLTAREN 25
VOLTAREN 50
VOLTAREN 75
VP  012
VP 004
VP 045
VP 25
VP 3
VP 5
VP LOGO
VP | 11
VP2
VX 064
Valeant PF0844
Valtrex 1 gram
Voltaren XR | 100
W 03
W 100
W 100 | 705
W 2183
W 2225
W 34
W 37.5 | 781
W 40
W 434
W 447
W 50
W 516
W 717
W 718
W 735
W 736
W 741
W 75 | 704
W 782
W 902
W 903
W 904
W 905
W 906
W 907
W 921
W 922
W 923
W 924
W 925
W 926
W 936
W 937
W 967
W 968
W D92
W EFFEXOR 150
W EFFEXOR 37.5
W EFFEXOR 75
W Effexor XR 150
W Effexor XR 37.5
W Effexor XR 75
W I
W W | 3 0
W W | 6 0
W W | 771
W W | 772
W | 15
W | 154
W | 155
W | 171
W | 172
W | 174
W | 175
W | 177
W | 30
W | 45
W | 724
W | 743
W | 75
W | 82
W | A 77
W-1523
W-1714
W-1715
W-2260 W-2260
W-7
W01
W02
W07
W140
W1502
W1549
W1587
W1587 | 120
W3
W720
W725
W737
W9 21 | BMS
W907
W945
W962
W964
W965
W966
W967
W968
W990
WALLACE 521
WALLACE 541
WALLACE 707
WALLACE 731
WALLACE | 04 30
WAR 1
WAR 10
WAR 2
WAR 2 1/2
WAR 3
WAR 4
WAR 5
WAR 6
WAR 7 1/2
WARFARIN TARO | 3
WARFARIN TARO | 5
WARRICK 1660
WARRICK 1670
WARRICK 1680
WARRICK | 1621
WARRICK | 1624 1624
WATSON 137
WATSON 151
WATSON 152
WATSON 3159
WATSON 3191
WATSON 3203
WATSON 3209 WATSON 3209
WATSON 3219
WATSON 3220
WATSON 3228
WATSON 3250
WATSON 3253
WATSON 3254
WATSON 335
WATSON 336
WATSON 338
WATSON 339
WATSON 343
WATSON 344
WATSON 345
WATSON 347
WATSON 348
WATSON 349
WATSON 3546
WATSON 363 | 3.75
WATSON 364 | 7.5
WATSON 365 | 15
WATSON 370
WATSON 371
WATSON 372
WATSON 379
WATSON 380
WATSON 381
WATSON 382
WATSON 385
WATSON 387
WATSON 388
WATSON 389
WATSON 404
WATSON 407
WATSON 408
WATSON 409
WATSON 411
WATSON 414
WATSON 415
WATSON 416
WATSON 424
WATSON 425
WATSON 444
WATSON 453
WATSON 460
WATSON 461
WATSON 462
WATSON 487
WATSON 488
WATSON 499
WATSON 500
WATSON 502
WATSON 503
WATSON 517
WATSON 528
WATSON 540
WATSON 545
WATSON 582
WATSON 583
WATSON 605
WATSON 606
WATSON 607
WATSON 617
WATSON 639
WATSON 642
WATSON 670
WATSON 716 325 mg
WATSON 746
WATSON 747
WATSON 748
WATSON 777
WATSON 779
WATSON 780
WATSON 782
WATSON 783
WATSON 785 5 mg
WATSON 786 10 mg
WATSON 787 25 mg
WATSON 790
WATSON 791
WATSON 792
WATSON 793
WATSON 794 10 mg
WATSON 795
WATSON 796
WATSON 801 50 mg
WATSON 801 50mg
WATSON 805
WATSON 808
WATSON 820
WATSON 824
WATSON 825
WATSON 842
WATSON 852
WATSON 853
WATSON 860
WATSON 861
WATSON 862
WATSON 885
WATSON 932
WATSON 933
WATSON Acyclovir 200
WATSON LOXITANE 10 mg
WATSON LOXITANE 25 mg
WATSON LOXITANE 5 mg
WATSON LOXITANE 50 mg
WATSON | 3256
WATSON | 3330
WATSON | 396 25 650
WATSON | 699 10
WATSON | 704 50
WATSON | 714  65 650
WATSON | 726 50
WATSON | 744 1
WATSON | 913
WC 180
WC 181
WC 389 | Logo
WC 390 | LOGO
WC 391 | LOGO
WC 400mg
WC 402
WC 402 WC 402
WC 404
WC 404 WC 404
WC 730 WC 730
WC 731 WC 731
WC 800
WC | 720 1/2
WC | 721 1
WC | 722 2
WE 07
WE 35
WE 45
WE 65
WELLBUTRIN 100
WELLBUTRIN 75
WELLBUTRIN SR 100
WELLBUTRIN SR 150
WELLBUTRIN SR 200
WELLBUTRIN XL 150
WELLBUTRIN XL 300
WELLCOME U3B
WEST-WARD 020
WEST-WARD 202
WEST-WARD 248
WEST-WARD 254
WEST-WARD 290
WEST-WARD 292
WEST-WARD 769
WFHC 101
WFHC 102
WI
WL 25 | B
WL 25 | b
WP 0320
WP 0321
WP 5901
WPI 3177
WPI 3178
WPI 3331
WPI 3332
WPI 338
WPI 3385
WPI 339
WPI 3636
WPI 3720
WPI 4011
WPI 839
WPI 844
WPI 845
WPI 858
WPI 867
WPI 900
WPI WPI | 24 55
WPI | 11 17
WPI | 22 25
WPI | 22 26
WPI | 2228
WPI | 2233
WPI | 3111
WPI | 32 40
WPI | 3355
WPI | 39 68
WPI | 39 70
WPI | 3969
WPPh 157 WPPh 157
WPPh | 192
WPPh | 195
WRF 1 | 832
WRF 10 | 832
WRF 2 1/2 | 832
WRF 2 | 832
WRF 3 | 832
WRF 4 | 832
WRF 5 | 832
WRF 6 | 832
WRF 7 1/2 | 832
WW 112
WW 115
WW 120
WW 125
WW 172
WW 173
WW 174
WW 176
WW 25
WW 268
WW 27
WW 270
WW 277
WW 282
WW 455
WW 458
WW 484
WW 763
WW 773
WW928
WW951
WYETH 27
WYETH 4132
WYETH 4133
WYETH 4152
WYETH 4158
WYETH 4177 SECTRAL 200
WYETH 4179 SECTRAL 400
WYETH 4181 ORUDIS 50
WYETH 4187 ORUDIS 75
WYETH 4188 | C 200
WYETH 4191
WYETH 4192
WYETH 73 | W4
WYETH 81 | A
Watson 310 100mg
Watson 369 5mg
Watson 370 10 mg
Watson 371 25 mg
Watson 372 50 mg
Watson 594 25 mg
Watson 595 50 mg
Wellcome ZOVIRAX 200
West ward 769
West-Ward 248
West-Ward 290
West-Ward 3000
West-ward 020
West-ward 025
West-ward 118
West-ward 195
West-ward 201
West-ward 202
West-ward 210
West-ward 235 West-ward 235
West-ward 248
West-ward 254
West-ward 290
West-ward 3000
West-ward 3126
West-ward 3141
West-ward 3142
West-ward 3189
West-ward 346
West-ward 445
West-ward 450
West-ward 473
West-ward 475
West-ward 477
West-ward 480
West-ward 769
West-ward 785
West-ward 787
West-ward 939
West-ward 985
West-ward Flurazepam 15
Wyeth-51 SERAX 10
Wyeth-52 SERAX 30
Wyeth-6 SERAX 15
X
X 01
X 02
X 03
X 10
X 92
X | 0.5
X | 1
X | 2
X | 3
X | 52
X | 53
X | 54
X592
XANAX 0.25
XANAX 0.5
XANAX 1.0
XANAX | 2
XELODA | 150
XELODA | 500
XENICAL 120 Roche
XP | A 10
XP | A 20
XP650
XR 150
XR 200
XR 300
XR 400
XR 50
Y Y
YOCON 53
YODOXIN 93
YS 01
Z
Z 100
Z 100 mg 2131
Z 12
Z 13
Z 16
Z 18
Z 2083
Z 2089
Z 2193
Z 2435
Z 2907
Z 2908
Z 2929
Z 2931
Z 2932
Z 2971
Z 2978
Z 2979
Z 2980
Z 2985
Z 2986
Z 3
Z 300
Z 300 | 7117
Z 3007
Z 3626
Z 3667 2
Z 3668 4
Z 3669 8
Z 3670 16
Z 3925 | 2
Z 3926 | 5
Z 3927 | 10
Z 400 | 71 71
Z 4096 | 10
Z 4097 | 20
Z 4217 | 5
Z 4232 | 0.5
Z 4233 | 1
Z 4234 | 2
Z 4235 | 20
Z 4236 | 40
Z 4237 | 80
Z 4238 | 120
Z 4239 | 160
Z 4262 | 1.25
Z 4362 | 100
Z 5
Z 50mg 2130
Z 66
Z 67
Z 71
Z 800 | 77 11
Z C 0 2
Z C | 20
Z LA | sanofi
Z | 1
Z | 100mg
Z | 2
Z | 4
Z | 4227
Z | 4259
Z | 6
Z | 63
Z | 65
Z | 69
Z | 7
Z | 70
Z | 75
Z | 75mg
Z10
Z11
Z12
Z4
Z8
ZA 19
ZA 21
ZA 22
ZA 23
ZA-12 200mg
ZA-17 5mg
ZA-18 0.4 mg
ZA-35 37.5mg
ZA-36 75mg
ZA-37 150mg
ZA-43 1.25mg
ZA-44 2.5mg
ZA-45 5mg
ZA-46 10mg
ZA06
ZA07
ZA08
ZA22
ZA49
ZA63 15 mg
ZA64 25 mg
ZA66 125mg
ZAROXOLYN | 10
ZAROXOLYN | 2 1/2
ZAROXOLYN | 5
ZBN
ZBO
ZC 01
ZC 03
ZC 08
ZC 09
ZC 15
ZC 16
ZC 17
ZC 18
ZC 25
ZC 26
ZC 59
ZC 64
ZC 65
ZC 66
ZC 67
ZC 68
ZC 75
ZC 76
ZC 77
ZC 78
ZC 79
ZC 80
ZC 81
ZC 82
ZC19
ZC38
ZC40
ZC41
ZC42
ZC43
ZC44
ZC45
ZC46
ZCR
ZD 13
ZD 14
ZD 15
ZD 16
ZD 20
ZD 21
ZD 22
ZD18
ZD19
ZD4522 10
ZD4522 20
ZD4522 5
ZD4522 | 40
ZE 43
ZE 49
ZE 50
ZE 57
ZE | 65
ZENECA 10 | 891
ZENECA 20 | 892
ZENECA 30 | 893
ZENECA 40 | 894
ZENITH 4266 200
ZER | 4
ZESTORETIC | 141
ZESTORETIC | 142
ZESTORETIC | 145
ZESTRIL 10 | 131
ZESTRIL 2 1/2 | 135
ZESTRIL 20 | 132
ZESTRIL 30 | 133
ZESTRIL 40 | 134
ZESTRIL | 130
ZF 14
ZF 15
ZF 22
ZF 23
ZF 24
ZF 25
ZF 26
ZF 42
ZF 43
ZG Zenith 20 mg 4288
ZIKS 0203
ZOCOR | MSD 726
ZOCOR | MSD 735
ZOCOR | MSD 740
ZOCOR | MSD 749
ZOFRAN | 8
ZOLOFT | 100mg
ZOLOFT | 25mg
ZOLOFT | 50mg
ZOMIG 2.5
ZOMIG 5
ZONEGRAN 100 LOGO
ZONEGRAN 25 LOGO
ZONEGRAN 50 LOGO
ZOVIRAX 800
ZOVIRAX | LOGO
ZYBAN 150
ZYBER | 1 05
ZYBER | 6 50
ZYLOPRIM 100
ZYLOPRIM 300
ZYRTEC D
ZYRTEC | 10
ZYRTEC | 5
ZYVOX 600mg
Zenith 100mg 2131
Zenith 30 mg 4289
Zenith 50mg 2130
Zofran | 4
Zogenix 10 mg
Zogenix 15 mg
Zogenix 20 mg
Zogenix 30 mg
Zogenix 40 mg
Zogenix 50 mg
allegra 60 mg
allegra-D
alza 18
alza 27
alza 36
alza 54
b 1114
b 1115
b 152
b 171
b 212 | 500
b 213 | 750
b 214 | 1000
b 241
b 242
b 492 | 1
b 493 | 2
b 572
b 70 | 720
b 702 | 300
b 814 | 250
b 815 | 500
b 816 | 750
b 971 | 5
b 972 | 1 0
b 973 | 2 0
b 974 | 3 0
b b | 6 0
b | 071 300
b | 125
b | 151
b | 178
b | 179
b | 211 5
b | 252
b | 285
b | 40
b | 47
b | 484
b | 485
b | 50
b | 555 779
b | 555 873
b | 728
b | 729
b | 798
b | 799
b | 860 100
b | 861 150
b | 927 5
b | 928 7 1/2
b | 929 10
b | 945 15
b | 946 15
b | 952 5
b | C 3
b | C 4
b | C 5
b | C 6
b | C2
b | E 7
barr 0.5mg 101
barr 010
barr 011
barr 033
barr 059
barr 1 mg 102
barr 100mg 829
barr 1021 16 mg
barr 1022 24 mg
barr 158
barr 159
barr 15mg 1112
barr 200mg 588
barr 20mg 877
barr 250 mg 589
barr 302 50
barr 30mg 1113
barr 323 25
barr 324 100
barr 400 mg 590
barr 513
barr 584
barr 633
barr 634
barr 635
barr 658
barr 870
barr 882
barr 934
barr 935
barr 936
barr 954
barr 955
barr 956
barr | 286
barr | 382
barr | 555 163
barr | 555 164
barr | 555 363
barr | 555 444
barr | 555 483
barr | 555 489
barr | 555 490
barr | 555 585
barr | 555 643
barr | 555 727
barr | 832 2 1/2
barr | 926 6
biocarft 40 biocraft 40
biocraft 41 biocraft 41
c
cardizem CD 120 mg
cardizem CD 120mg
cardizem CD 180 mg
cardizem CD 180mg
cardizem CD 240 mg
cardizem CD 240mg
cardizem CD 300 mg
cardizem CD 300mg
cardizem CD 360 mg
cardizem CD 360mg
cor 103
cor 116
cor 123
cor 124
cor 125
cor 128
cor 130
cor 132
cor 135
cor 136
cor 137
cor 139
cor 140
cor 141
cor 142
cor 148
cor 149
cor 153 cor 153
cor 155
cor 156
cor 158
cor 159
cor 167
cor 168
cor 169
cor 188
cor 203
cor 204
cor 225
cor 258
cor 259
cor 322 cor 322
cor 323 cor 323
cor | 111
cor | 201
dp 100 | LEVOXYL
dp 125 | LEVOXYL
dp 137 | LEVOXYL
dp 150 | LEVOXYL
dp 175 | LEVOXYL
dp 200 | LEVOXYL
dp 25 | LEVOXYL
dp 301
dp 50 | LEVOXYL
dp 88 | LEVOXYL
dp | 1 0
e5 131
ex-lax 1
flextra DS | POLY 500
flextra | POLY 650
g
gsk | 1/500
gsk | 2/1000
gsk | 2/500
gsk | 4/1
gsk | 4/1000
gsk | 4/2
gsk | 4/4
gsk | 4/500
gsk | 8/2
gsk | 8/4
logo
logo 026
logo 040
logo 045
logo 20
logo 50/25
logo 78 241
logo HPC 170
logo | 5825
m 100
m 200
m 50
m B
m100
p p | SK
p p | ST
p | 576
par 009
par 020
par 021
par 022
par 028
par 043
par 083
par 084
par 085
par 086
par 087
par 117
par 143 par 143
par 144 par 144
par 163 | 600
par 164
par 165
par 166
par 209 par 209
par 210 par 210
par 211 par 211
par 217 par 217
par 218 par 218
par 219 par 219
par 220 par 220
par 221 par 221
par 222 par 222
par 246
par 251
par 252
par 253
par 258
par 259
par 277
par 290
par 329 par 329
par 397
par 428
par 430
par 455
par 653 | 20
par 721 | 5 5 5
par 725 | 7.5
par 726 par 726
par 727 par 727
par 962
par | 034
par | 035
par | 091
par | 092
par | 093
par | 236
par | 511
par | 512
par | 513
par | 961
pfizer PGN 100
r
rfx
riba 200 riba 200
ucb 1000
ucb 250
ucb 500
ucb 640
ucb 750
ucb | 612
ucb | 902
ucb | 903

